,0
2010-01-01,
2010-01-04,687.56
2010-01-05,690.89
2010-01-06,694.03
2010-01-07,697.44
2010-01-08,698.79
2010-01-11,699.96
2010-01-12,700.35
2010-01-13,700.24
2010-01-14,700.69
2010-01-15,700.61
2010-01-18,701.09
2010-01-19,700.17
2010-01-20,699.93
2010-01-21,699.33
2010-01-22,696.73
2010-01-25,694.91
2010-01-26,694.61
2010-01-27,694.77
2010-01-28,694.92
2010-01-29,695.2
2010-01-31,695.36
2010-02-01,694.6
2010-02-02,695.15
2010-02-03,695.94
2010-02-04,694.88
2010-02-05,691.09
2010-02-08,689.19
2010-02-09,687.3
2010-02-10,684.37
2010-02-11,682.88
2010-02-12,682.54
2010-02-15,683.02
2010-02-16,683.73
2010-02-17,687.56
2010-02-18,690.28
2010-02-19,692.77
2010-02-22,694.95
2010-02-23,694.79
2010-02-24,695.06
2010-02-25,694.91
2010-02-26,695.81
2010-02-28,696.44
2010-03-01,697.68
2010-03-02,700.09
2010-03-03,701.33
2010-03-04,702.5
2010-03-05,704.24
2010-03-08,706.84
2010-03-09,708.47
2010-03-10,710.09
2010-03-11,709.88
2010-03-12,710.84
2010-03-15,711.02
2010-03-16,711.4
2010-03-17,712.73
2010-03-18,713.9
2010-03-19,714.35
2010-03-22,714.3
2010-03-23,714.87
2010-03-24,715.06
2010-03-25,715.68
2010-03-26,716.74
2010-03-29,717.77
2010-03-30,718.1
2010-03-31,718.0
2010-04-01,718.0
2010-04-02,
2010-04-05,719.14
2010-04-06,720.03
2010-04-07,721.32
2010-04-08,721.17
2010-04-09,722.21
2010-04-12,724.08
2010-04-13,725.3
2010-04-14,726.7
2010-04-15,728.93
2010-04-16,729.98
2010-04-19,729.03
2010-04-20,730.16
2010-04-21,731.42
2010-04-22,731.7
2010-04-23,732.18
2010-04-26,733.7
2010-04-27,734.17
2010-04-28,732.92
2010-04-29,733.64
2010-04-30,734.08
2010-05-03,734.05
2010-05-04,733.32
2010-05-05,729.31
2010-05-06,722.99
2010-05-07,715.78
2010-05-10,720.28
2010-05-11,718.24
2010-05-12,721.91
2010-05-13,723.47
2010-05-14,720.74
2010-05-17,719.4
2010-05-18,719.18
2010-05-19,715.2
2010-05-20,708.29
2010-05-21,706.32
2010-05-24,707.37
2010-05-25,700.63
2010-05-26,703.8
2010-05-27,706.0
2010-05-28,707.9
2010-05-31,708.23
2010-06-01,706.95
2010-06-02,706.09
2010-06-03,708.46
2010-06-04,707.55
2010-06-07,707.09
2010-06-08,704.88
2010-06-09,704.59
2010-06-10,703.55
2010-06-11,704.01
2010-06-14,705.72
2010-06-15,708.23
2010-06-16,711.05
2010-06-17,715.08
2010-06-18,716.8
2010-06-21,720.89
2010-06-22,720.73
2010-06-23,720.27
2010-06-24,718.46
2010-06-25,718.66
2010-06-28,720.01
2010-06-29,717.55
2010-06-30,717.47
2010-07-01,716.53
2010-07-02,716.71
2010-07-05,717.21
2010-07-06,718.7
2010-07-07,719.2
2010-07-08,721.77
2010-07-09,723.7
2010-07-12,725.42
2010-07-13,728.09
2010-07-14,729.82
2010-07-15,730.8
2010-07-16,731.25
2010-07-19,731.75
2010-07-20,732.27
2010-07-21,734.37
2010-07-22,735.71
2010-07-23,736.86
2010-07-26,738.9
2010-07-27,740.65
2010-07-28,741.68
2010-07-29,742.03
2010-07-30,742.32
2010-07-31,742.33
2010-08-02,743.12
2010-08-03,744.48
2010-08-04,745.26
2010-08-05,745.73
2010-08-06,746.14
2010-08-09,747.21
2010-08-10,746.65
2010-08-11,744.18
2010-08-12,741.85
2010-08-13,741.55
2010-08-16,742.43
2010-08-17,743.04
2010-08-18,744.08
2010-08-19,744.55
2010-08-20,743.76
2010-08-23,744.34
2010-08-24,743.75
2010-08-25,742.68
2010-08-26,743.09
2010-08-27,742.95
2010-08-30,744.02
2010-08-31,743.49
2010-09-01,744.6
2010-09-02,746.0
2010-09-03,746.99
2010-09-06,747.5
2010-09-07,748.55
2010-09-08,749.46
2010-09-09,750.38
2010-09-10,752.1
2010-09-13,754.71
2010-09-14,756.13
2010-09-15,756.98
2010-09-16,758.0
2010-09-17,758.75
2010-09-20,760.24
2010-09-21,761.13
2010-09-22,760.8
2010-09-23,760.09
2010-09-24,760.68
2010-09-27,762.09
2010-09-28,763.01
2010-09-29,764.01
2010-09-30,765.56
2010-10-01,767.0
2010-10-04,768.24
2010-10-05,770.03
2010-10-06,772.37
2010-10-07,773.78
2010-10-08,774.55
2010-10-11,775.06
2010-10-12,775.64
2010-10-13,777.95
2010-10-14,777.64
2010-10-15,777.53
2010-10-18,778.17
2010-10-19,778.03
2010-10-20,777.81
2010-10-21,778.61
2010-10-22,779.35
2010-10-25,781.03
2010-10-26,782.02
2010-10-27,782.48
2010-10-28,783.36
2010-10-29,783.88
2010-10-31,784.13
2010-11-01,784.27
2010-11-02,785.01
2010-11-03,785.71
2010-11-04,788.93
2010-11-05,790.5
2010-11-08,791.51
2010-11-09,791.85
2010-11-10,789.8
2010-11-11,789.97
2010-11-12,787.3
2010-11-15,785.94
2010-11-16,781.46
2010-11-17,780.76
2010-11-18,782.35
2010-11-19,781.7
2010-11-22,781.49
2010-11-23,778.83
2010-11-24,777.75
2010-11-25,777.92
2010-11-26,778.17
2010-11-29,777.13
2010-11-30,775.38
2010-12-01,776.71
2010-12-02,778.47
2010-12-03,779.61
2010-12-06,781.14
2010-12-07,782.43
2010-12-08,781.62
2010-12-09,781.87
2010-12-10,781.97
2010-12-13,782.72
2010-12-14,782.49
2010-12-15,781.86
2010-12-16,781.76
2010-12-17,782.15
2010-12-20,782.81
2010-12-21,783.79
2010-12-22,784.46
2010-12-23,784.85
2010-12-24,785.02
2010-12-27,785.73
2010-12-28,786.2
2010-12-29,787.21
2010-12-30,788.21
2010-12-31,789.04
2011-01-03,791.53
2011-01-04,793.27
2011-01-05,793.95
2011-01-06,795.36
2011-01-07,795.92
2011-01-10,795.86
2011-01-11,796.55
2011-01-12,797.79
2011-01-13,799.01
2011-01-14,799.55
2011-01-17,800.08
2011-01-18,800.51
2011-01-19,800.93
2011-01-20,800.49
2011-01-21,801.04
2011-01-24,802.3
2011-01-25,803.48
2011-01-26,804.15
2011-01-27,805.13
2011-01-28,805.55
2011-01-31,805.62
2011-02-01,806.39
2011-02-02,807.43
2011-02-03,808.21
2011-02-04,809.29
2011-02-07,810.97
2011-02-08,811.78
2011-02-09,811.99
2011-02-10,811.46
2011-02-11,811.74
2011-02-14,812.66
2011-02-15,812.98
2011-02-16,813.39
2011-02-17,814.82
2011-02-18,815.62
2011-02-21,816.15
2011-02-22,816.18
2011-02-23,815.22
2011-02-24,814.49
2011-02-25,815.13
2011-02-28,816.4
2011-03-01,817.36
2011-03-02,817.25
2011-03-03,817.69
2011-03-04,818.02
2011-03-07,818.29
2011-03-08,818.27
2011-03-09,818.46
2011-03-10,817.17
2011-03-11,816.51
2011-03-14,816.71
2011-03-15,813.13
2011-03-16,813.98
2011-03-17,814.44
2011-03-18,815.92
2011-03-21,817.3
2011-03-22,817.7
2011-03-23,817.78
2011-03-24,818.05
2011-03-25,818.21
2011-03-28,818.78
2011-03-29,818.69
2011-03-30,819.4
2011-03-31,819.83
2011-04-01,821.12
2011-04-04,822.63
2011-04-05,822.97
2011-04-06,824.2
2011-04-07,824.99
2011-04-08,825.49
2011-04-11,826.26
2011-04-12,825.85
2011-04-13,826.27
2011-04-14,826.36
2011-04-15,826.81
2011-04-18,826.76
2011-04-19,826.84
2011-04-20,827.78
2011-04-21,828.35
2011-04-22,
2011-04-25,829.32
2011-04-26,829.94
2011-04-27,830.19
2011-04-28,830.88
2011-04-29,832.04
2011-04-30,832.29
2011-05-02,833.24
2011-05-03,833.48
2011-05-04,834.01
2011-05-05,834.02
2011-05-06,834.62
2011-05-09,835.32
2011-05-10,835.54
2011-05-11,836.13
2011-05-12,835.68
2011-05-13,835.85
2011-05-16,836.76
2011-05-17,836.68
2011-05-18,836.43
2011-05-19,836.83
2011-05-20,836.93
2011-05-23,836.23
2011-05-24,836.16
2011-05-25,835.46
2011-05-26,835.51
2011-05-27,835.37
2011-05-30,835.89
2011-05-31,836.36
2011-06-01,836.88
2011-06-02,835.58
2011-06-03,834.31
2011-06-06,834.23
2011-06-07,833.28
2011-06-08,831.95
2011-06-09,830.4
2011-06-10,829.86
2011-06-13,828.69
2011-06-14,828.17
2011-06-15,827.81
2011-06-16,825.1
2011-06-17,824.39
2011-06-20,822.82
2011-06-21,823.11
2011-06-22,824.33
2011-06-23,823.23
2011-06-24,823.16
2011-06-27,822.39
2011-06-28,822.33
2011-06-29,824.59
2011-06-30,827.96
2011-07-01,829.13
2011-07-04,829.68
2011-07-05,831.44
2011-07-06,831.98
2011-07-07,833.93
2011-07-08,834.67
2011-07-11,833.01
2011-07-12,831.79
2011-07-13,833.15
2011-07-14,833.47
2011-07-15,834.21
2011-07-18,833.8
2011-07-19,834.06
2011-07-20,835.18
2011-07-21,836.35
2011-07-22,838.02
2011-07-25,838.45
2011-07-26,839.23
2011-07-27,838.58
2011-07-28,838.34
2011-07-29,838.0
2011-07-31,838.18
2011-08-01,838.41
2011-08-02,836.28
2011-08-03,833.85
2011-08-04,828.72
2011-08-05,822.8
2011-08-08,809.1
2011-08-09,802.59
2011-08-10,800.11
2011-08-11,794.02
2011-08-12,799.49
2011-08-15,804.71
2011-08-16,806.61
2011-08-17,808.63
2011-08-18,804.93
2011-08-19,802.85
2011-08-22,801.96
2011-08-23,796.96
2011-08-24,794.71
2011-08-25,796.21
2011-08-26,795.24
2011-08-29,797.44
2011-08-30,799.57
2011-08-31,804.6
2011-09-01,807.17
2011-09-02,807.18
2011-09-05,807.73
2011-09-06,801.46
2011-09-07,804.04
2011-09-08,805.45
2011-09-09,804.45
2011-09-12,799.69
2011-09-13,798.85
2011-09-14,799.87
2011-09-15,800.65
2011-09-16,802.06
2011-09-19,801.21
2011-09-20,801.65
2011-09-21,801.17
2011-09-22,793.77
2011-09-23,789.38
2011-09-26,787.69
2011-09-27,787.91
2011-09-28,785.27
2011-09-29,781.7
2011-09-30,775.67
2011-10-03,769.54
2011-10-04,757.49
2011-10-05,758.78
2011-10-06,765.92
2011-10-07,769.46
2011-10-10,770.02
2011-10-11,775.27
2011-10-12,782.98
2011-10-13,785.65
2011-10-14,789.05
2011-10-17,791.51
2011-10-18,792.04
2011-10-19,797.41
2011-10-20,799.02
2011-10-21,803.92
2011-10-24,808.17
2011-10-25,811.92
2011-10-26,812.81
2011-10-27,820.63
2011-10-28,822.8
2011-10-31,821.87
2011-11-01,815.17
2011-11-02,817.23
2011-11-03,819.32
2011-11-04,819.94
2011-11-07,819.86
2011-11-08,819.74
2011-11-09,814.64
2011-11-10,813.7
2011-11-11,813.88
2011-11-14,814.25
2011-11-15,812.37
2011-11-16,811.44
2011-11-17,809.86
2011-11-18,808.14
2011-11-21,804.13
2011-11-22,801.28
2011-11-23,798.39
2011-11-24,798.58
2011-11-25,797.84
2011-11-28,800.3
2011-11-29,799.75
2011-11-30,803.7
2011-12-01,806.35
2011-12-02,809.69
2011-12-05,813.25
2011-12-06,814.21
2011-12-07,815.35
2011-12-08,815.72
2011-12-09,815.06
2011-12-12,814.45
2011-12-13,814.98
2011-12-14,814.07
2011-12-15,814.09
2011-12-16,814.75
2011-12-19,815.66
2011-12-20,816.77
2011-12-21,817.69
2011-12-22,818.91
2011-12-23,819.45
2011-12-26,
2011-12-27,820.5
2011-12-28,821.87
2011-12-29,822.85
2011-12-30,823.6
2011-12-31,823.62
2012-01-02,
2012-01-03,827.11
2012-01-04,828.3
2012-01-05,828.69
2012-01-06,829.91
2012-01-09,830.92
2012-01-10,832.52
2012-01-11,832.84
2012-01-12,833.26
2012-01-13,832.49
2012-01-16,833.11
2012-01-17,833.41
2012-01-18,834.0
2012-01-19,836.8
2012-01-20,837.3
2012-01-23,839.39
2012-01-24,840.22
2012-01-25,842.36
2012-01-26,846.58
2012-01-27,847.3
2012-01-30,846.5
2012-01-31,847.53
2012-02-01,848.97
2012-02-02,849.57
2012-02-03,851.41
2012-02-06,852.81
2012-02-07,853.77
2012-02-08,855.3
2012-02-09,855.61
2012-02-10,853.79
2012-02-13,855.25
2012-02-14,855.61
2012-02-15,855.55
2012-02-16,854.46
2012-02-17,856.29
2012-02-20,856.85
2012-02-21,857.77
2012-02-22,858.95
2012-02-23,860.69
2012-02-24,863.08
2012-02-27,864.09
2012-02-28,865.34
2012-02-29,866.84
2012-03-01,867.29
2012-03-02,867.77
2012-03-05,866.33
2012-03-06,861.2
2012-03-07,862.14
2012-03-08,863.54
2012-03-09,864.52
2012-03-12,865.3
2012-03-13,866.18
2012-03-14,866.59
2012-03-15,865.64
2012-03-16,865.7
2012-03-19,866.2
2012-03-20,865.41
2012-03-21,866.1
2012-03-22,865.15
2012-03-23,865.02
2012-03-26,865.8
2012-03-27,866.63
2012-03-28,866.56
2012-03-29,865.62
2012-03-30,866.02
2012-03-31,866.03
2012-04-02,866.6
2012-04-03,866.93
2012-04-04,866.25
2012-04-05,865.83
2012-04-06,
2012-04-09,864.08
2012-04-10,862.6
2012-04-11,862.04
2012-04-12,863.63
2012-04-13,864.32
2012-04-16,864.83
2012-04-17,866.34
2012-04-18,866.69
2012-04-19,867.11
2012-04-20,867.57
2012-04-23,867.3
2012-04-24,868.68
2012-04-25,870.84
2012-04-26,871.53
2012-04-27,873.4
2012-04-30,874.88
2012-05-01,877.03
2012-05-02,877.68
2012-05-03,878.82
2012-05-04,879.48
2012-05-07,879.62
2012-05-08,879.58
2012-05-09,878.48
2012-05-10,879.28
2012-05-11,879.31
2012-05-14,877.55
2012-05-15,876.5
2012-05-16,874.1
2012-05-17,868.46
2012-05-18,865.68
2012-05-21,862.93
2012-05-22,864.85
2012-05-23,863.12
2012-05-24,863.17
2012-05-25,863.57
2012-05-28,864.13
2012-05-29,865.65
2012-05-30,864.68
2012-05-31,864.32
2012-06-01,860.25
2012-06-04,858.7
2012-06-05,856.67
2012-06-06,860.2
2012-06-07,864.01
2012-06-08,864.58
2012-06-11,866.3
2012-06-12,865.07
2012-06-13,866.06
2012-06-14,866.65
2012-06-15,867.99
2012-06-18,869.4
2012-06-19,873.24
2012-06-20,875.76
2012-06-21,877.01
2012-06-22,876.56
2012-06-25,875.9
2012-06-26,876.37
2012-06-27,877.66
2012-06-28,878.58
2012-06-29,881.7
2012-06-30,881.89
2012-07-02,883.83
2012-07-03,885.03
2012-07-04,885.23
2012-07-05,885.99
2012-07-06,886.56
2012-07-09,887.13
2012-07-10,888.28
2012-07-11,889.01
2012-07-12,888.21
2012-07-13,888.35
2012-07-16,889.06
2012-07-17,889.63
2012-07-18,891.14
2012-07-19,893.0
2012-07-20,893.27
2012-07-23,891.83
2012-07-24,891.81
2012-07-25,891.48
2012-07-26,892.76
2012-07-27,894.23
2012-07-30,896.73
2012-07-31,898.79
2012-08-01,899.86
2012-08-02,900.05
2012-08-03,901.44
2012-08-06,903.19
2012-08-07,904.38
2012-08-08,904.65
2012-08-09,904.55
2012-08-10,903.78
2012-08-13,904.22
2012-08-14,903.87
2012-08-15,903.11
2012-08-16,902.75
2012-08-17,903.22
2012-08-20,904.28
2012-08-21,905.6
2012-08-22,906.43
2012-08-23,907.03
2012-08-24,907.16
2012-08-27,908.09
2012-08-28,908.36
2012-08-29,908.89
2012-08-30,909.19
2012-08-31,909.63
2012-09-03,910.21
2012-09-04,910.66
2012-09-05,911.37
2012-09-06,913.26
2012-09-07,916.38
2012-09-10,918.05
2012-09-11,919.57
2012-09-12,922.53
2012-09-13,923.81
2012-09-14,927.49
2012-09-17,928.29
2012-09-18,928.91
2012-09-19,929.16
2012-09-20,928.21
2012-09-21,927.8
2012-09-24,926.69
2012-09-25,925.42
2012-09-26,920.28
2012-09-27,921.94
2012-09-28,922.2
2012-09-30,922.59
2012-10-01,923.77
2012-10-02,923.98
2012-10-03,924.41
2012-10-04,925.66
2012-10-05,926.76
2012-10-08,927.34
2012-10-09,926.89
2012-10-10,926.16
2012-10-11,928.07
2012-10-12,928.35
2012-10-15,930.12
2012-10-16,931.63
2012-10-17,933.57
2012-10-18,934.44
2012-10-19,933.96
2012-10-22,934.11
2012-10-23,931.66
2012-10-24,931.97
2012-10-25,932.15
2012-10-26,930.89
2012-10-29,930.49
2012-10-30,
2012-10-31,930.2
2012-11-01,931.32
2012-11-02,932.18
2012-11-05,932.78
2012-11-06,933.86
2012-11-07,932.98
2012-11-08,932.49
2012-11-09,929.94
2012-11-12,930.53
2012-11-13,928.9
2012-11-14,927.95
2012-11-15,924.21
2012-11-16,923.36
2012-11-19,926.19
2012-11-20,927.65
2012-11-21,928.66
2012-11-22,928.85
2012-11-23,929.33
2012-11-26,931.07
2012-11-27,932.68
2012-11-28,933.18
2012-11-29,935.65
2012-11-30,937.1
2012-12-03,938.68
2012-12-04,939.96
2012-12-05,942.94
2012-12-06,944.27
2012-12-07,945.64
2012-12-10,946.68
2012-12-11,948.36
2012-12-12,949.67
2012-12-13,950.07
2012-12-14,949.94
2012-12-17,950.36
2012-12-18,950.98
2012-12-19,951.72
2012-12-20,952.01
2012-12-21,950.99
2012-12-24,951.37
2012-12-25,
2012-12-26,951.91
2012-12-27,951.98
2012-12-28,951.84
2012-12-31,951.96
2013-01-01,
2013-01-02,955.93
2013-01-03,957.95
2013-01-04,958.67
2013-01-07,960.26
2013-01-08,961.13
2013-01-09,962.62
2013-01-10,963.63
2013-01-11,964.42
2013-01-14,965.01
2013-01-15,964.35
2013-01-16,964.6
2013-01-17,965.79
2013-01-18,966.62
2013-01-21,967.2
2013-01-22,967.81
2013-01-23,969.16
2013-01-24,970.05
2013-01-25,970.72
2013-01-28,970.91
2013-01-29,969.24
2013-01-30,967.52
2013-01-31,965.06
2013-02-01,965.48
2013-02-04,964.37
2013-02-05,963.38
2013-02-06,963.27
2013-02-07,962.22
2013-02-08,961.81
2013-02-11,962.31
2013-02-12,962.52
2013-02-13,963.99
2013-02-14,964.49
2013-02-15,964.99
2013-02-18,965.57
2013-02-19,965.98
2013-02-20,966.6
2013-02-21,965.58
2013-02-22,966.24
2013-02-25,967.9
2013-02-26,967.1
2013-02-27,968.11
2013-02-28,969.53
2013-03-01,969.66
2013-03-04,970.45
2013-03-05,971.93
2013-03-06,972.76
2013-03-07,973.41
2013-03-08,973.74
2013-03-11,974.51
2013-03-12,975.25
2013-03-13,975.62
2013-03-14,976.47
2013-03-15,977.3
2013-03-18,977.21
2013-03-19,977.61
2013-03-20,978.0
2013-03-21,978.13
2013-03-22,978.11
2013-03-25,978.83
2013-03-26,978.94
2013-03-27,978.81
2013-03-28,979.1
2013-03-29,
2013-03-31,979.52
2013-04-01,980.02
2013-04-02,980.71
2013-04-03,981.13
2013-04-04,981.42
2013-04-05,980.66
2013-04-08,981.49
2013-04-09,982.52
2013-04-10,984.42
2013-04-11,986.57
2013-04-12,987.28
2013-04-15,986.34
2013-04-16,986.39
2013-04-17,985.83
2013-04-18,986.0
2013-04-19,986.3
2013-04-22,987.49
2013-04-23,989.22
2013-04-24,990.79
2013-04-25,992.53
2013-04-26,993.65
2013-04-29,995.88
2013-04-30,997.71
2013-05-01,1000.04
2013-05-02,1001.55
2013-05-03,1003.61
2013-05-06,1004.7
2013-05-07,1006.89
2013-05-08,1007.18
2013-05-09,1007.51
2013-05-10,1006.2
2013-05-13,1003.92
2013-05-14,1003.1
2013-05-15,1002.69
2013-05-16,1002.81
2013-05-17,1002.8
2013-05-20,1003.86
2013-05-21,1004.13
2013-05-22,1004.18
2013-05-23,1000.46
2013-05-24,999.85
2013-05-27,1000.43
2013-05-28,999.75
2013-05-29,994.55
2013-05-30,994.34
2013-05-31,992.41
2013-06-03,988.88
2013-06-04,987.45
2013-06-05,980.64
2013-06-06,979.56
2013-06-07,984.45
2013-06-10,983.97
2013-06-11,977.17
2013-06-12,978.22
2013-06-13,976.45
2013-06-14,979.75
2013-06-17,981.93
2013-06-18,982.16
2013-06-19,981.84
2013-06-20,969.27
2013-06-21,967.01
2013-06-24,956.93
2013-06-25,955.62
2013-06-26,959.19
2013-06-27,963.83
2013-06-28,965.87
2013-06-30,966.25
2013-07-01,967.6
2013-07-02,968.52
2013-07-03,967.85
2013-07-04,968.04
2013-07-05,965.81
2013-07-08,965.46
2013-07-09,968.12
2013-07-10,969.63
2013-07-11,975.51
2013-07-12,978.05
2013-07-15,980.55
2013-07-16,983.02
2013-07-17,985.64
2013-07-18,989.01
2013-07-19,990.58
2013-07-22,992.03
2013-07-23,992.56
2013-07-24,989.32
2013-07-25,985.62
2013-07-26,984.95
2013-07-29,985.29
2013-07-30,985.56
2013-07-31,984.42
2013-08-01,984.13
2013-08-02,983.05
2013-08-05,983.02
2013-08-06,982.1
2013-08-07,981.03
2013-08-08,981.82
2013-08-09,982.09
2013-08-12,982.39
2013-08-13,981.77
2013-08-14,981.78
2013-08-15,979.28
2013-08-16,978.87
2013-08-19,977.28
2013-08-20,976.05
2013-08-21,975.33
2013-08-22,974.58
2013-08-23,975.56
2013-08-26,976.73
2013-08-27,976.73
2013-08-28,976.64
2013-08-29,977.48
2013-08-30,
2013-09-02,978.71
2013-09-03,979.63
2013-09-04,979.16
2013-09-05,977.64
2013-09-06,978.12
2013-09-09,979.42
2013-09-10,979.59
2013-09-11,980.38
2013-09-12,981.84
2013-09-13,982.36
2013-09-16,985.5
2013-09-17,985.71
2013-09-18,987.39
2013-09-19,992.12
2013-09-20,992.24
2013-09-23,991.52
2013-09-24,991.38
2013-09-25,990.69
2013-09-26,990.48
2013-09-27,989.44
2013-09-30,988.02
2013-10-01,988.78
2013-10-02,989.8
2013-10-03,991.3
2013-10-04,992.3
2013-10-07,993.06
2013-10-08,993.36
2013-10-09,993.19
2013-10-10,994.65
2013-10-11,995.39
2013-10-14,995.98
2013-10-15,997.01
2013-10-16,998.54
2013-10-17,1001.75
2013-10-18,1004.46
2013-10-21,1006.35
2013-10-22,1007.78
2013-10-23,1008.49
2013-10-24,1009.55
2013-10-25,1009.78
2013-10-28,1010.85
2013-10-29,1011.28
2013-10-30,1012.21
2013-10-31,1012.31
2013-11-01,1012.39
2013-11-04,1012.51
2013-11-05,1011.53
2013-11-06,1011.75
2013-11-07,1012.58
2013-11-08,1009.2
2013-11-11,1009.79
2013-11-12,1008.74
2013-11-13,1007.83
2013-11-14,1009.54
2013-11-15,1010.47
2013-11-18,1012.45
2013-11-19,1012.87
2013-11-20,1013.15
2013-11-21,1012.16
2013-11-22,1013.2
2013-11-25,1014.95
2013-11-26,1015.69
2013-11-27,1016.31
2013-11-28,1016.51
2013-11-29,1016.75
2013-11-30,1017.01
2013-12-02,1017.17
2013-12-03,1017.23
2013-12-04,1016.68
2013-12-05,1016.8
2013-12-06,1017.29
2013-12-09,1018.46
2013-12-10,1019.22
2013-12-11,1019.47
2013-12-12,1018.71
2013-12-13,1018.36
2013-12-16,1019.01
2013-12-17,1018.83
2013-12-18,1018.74
2013-12-19,1019.44
2013-12-20,1020.04
2013-12-23,1020.88
2013-12-24,1020.98
2013-12-25,
2013-12-26,1021.22
2013-12-27,1021.28
2013-12-30,1022.13
2013-12-31,1022.59
2014-01-01,
2014-01-02,1023.78
2014-01-03,1024.33
2014-01-06,1025.96
2014-01-07,1027.68
2014-01-08,1027.96
2014-01-09,1028.21
2014-01-10,1029.36
2014-01-13,1030.56
2014-01-14,1030.92
2014-01-15,1031.95
2014-01-16,1032.71
2014-01-17,1033.41
2014-01-20,1034.0
2014-01-21,1034.41
2014-01-22,1034.7
2014-01-23,1033.95
2014-01-24,1030.48
2014-01-27,1029.71
2014-01-28,1030.17
2014-01-29,1029.81
2014-01-30,1030.61
2014-01-31,1030.15
2014-02-03,1030.09
2014-02-04,1028.9
2014-02-05,1029.28
2014-02-06,1030.87
2014-02-07,1032.7
2014-02-10,1034.24
2014-02-11,1036.08
2014-02-12,1037.33
2014-02-13,1037.61
2014-02-14,1038.35
2014-02-17,1038.95
2014-02-18,1040.54
2014-02-19,1041.97
2014-02-20,1042.55
2014-02-21,1043.75
2014-02-24,1045.48
2014-02-25,1047.13
2014-02-26,1048.31
2014-02-27,1049.46
2014-02-28,1050.8
2014-03-03,1050.38
2014-03-04,1051.11
2014-03-05,1051.34
2014-03-06,1050.8
2014-03-07,1048.87
2014-03-10,1048.51
2014-03-11,1048.89
2014-03-12,1048.22
2014-03-13,1048.6
2014-03-14,1047.2
2014-03-17,1048.17
2014-03-18,1049.7
2014-03-19,1050.52
2014-03-20,1048.86
2014-03-21,1049.94
2014-03-24,1050.71
2014-03-25,1051.04
2014-03-26,1051.9
2014-03-27,1051.77
2014-03-28,1052.17
2014-03-31,1053.23
2014-04-01,1054.03
2014-04-02,1054.19
2014-04-03,1054.56
2014-04-04,1055.69
2014-04-07,1055.73
2014-04-08,1055.71
2014-04-09,1056.31
2014-04-10,1057.35
2014-04-11,1055.94
2014-04-14,1056.59
2014-04-15,1056.81
2014-04-16,1057.01
2014-04-17,1056.83
2014-04-18,
2014-04-21,1057.47
2014-04-22,1057.85
2014-04-23,1058.33
2014-04-24,1058.93
2014-04-25,1058.84
2014-04-28,1059.2
2014-04-29,1059.63
2014-04-30,1060.53
2014-05-01,1061.01
2014-05-02,1061.48
2014-05-05,1061.9
2014-05-06,1062.64
2014-05-07,1063.16
2014-05-08,1064.17
2014-05-09,1064.48
2014-05-12,1065.48
2014-05-13,1066.35
2014-05-14,1067.15
2014-05-15,1066.72
2014-05-16,1066.84
2014-05-19,1067.52
2014-05-20,1068.02
2014-05-21,1067.62
2014-05-22,1067.42
2014-05-23,1067.42
2014-05-26,1068.01
2014-05-27,1068.6
2014-05-28,1069.3
2014-05-29,1070.06
2014-05-30,1071.08
2014-05-31,1071.2
2014-06-02,1071.8
2014-06-03,1071.46
2014-06-04,1071.54
2014-06-05,1072.48
2014-06-06,1074.07
2014-06-09,1075.37
2014-06-10,1076.02
2014-06-11,1076.05
2014-06-12,1076.4
2014-06-13,1076.56
2014-06-16,1077.35
2014-06-17,1077.68
2014-06-18,1077.85
2014-06-19,1079.34
2014-06-20,1080.27
2014-06-23,1081.04
2014-06-24,1081.15
2014-06-25,1080.34
2014-06-26,1080.27
2014-06-27,1080.18
2014-06-30,1080.26
2014-07-01,1080.59
2014-07-02,1080.62
2014-07-03,1080.65
2014-07-04,1080.85
2014-07-07,1081.39
2014-07-08,1081.11
2014-07-09,1080.77
2014-07-10,1078.55
2014-07-11,1078.86
2014-07-14,1079.47
2014-07-15,1078.25
2014-07-16,1077.26
2014-07-17,1075.28
2014-07-18,1073.5
2014-07-21,1073.07
2014-07-22,1074.22
2014-07-23,1075.44
2014-07-24,1075.92
2014-07-25,1075.51
2014-07-28,1075.42
2014-07-29,1074.37
2014-07-30,1072.58
2014-07-31,1065.97
2014-08-01,1060.25
2014-08-04,1061.46
2014-08-05,1064.25
2014-08-06,1063.07
2014-08-07,1065.11
2014-08-08,1064.83
2014-08-11,1068.2
2014-08-12,1069.74
2014-08-13,1072.54
2014-08-14,1074.85
2014-08-15,1076.09
2014-08-18,1077.88
2014-08-19,1079.08
2014-08-20,1079.68
2014-08-21,1080.08
2014-08-22,1080.18
2014-08-25,1080.97
2014-08-26,1081.42
2014-08-27,1081.67
2014-08-28,1081.81
2014-08-29,1081.98
2014-08-31,1082.17
2014-09-01,1082.37
2014-09-02,1081.96
2014-09-03,1081.09
2014-09-04,1079.53
2014-09-05,1077.24
2014-09-08,1077.51
2014-09-09,1075.87
2014-09-10,1072.47
2014-09-11,1071.06
2014-09-12,1070.41
2014-09-15,1069.98
2014-09-16,1068.85
2014-09-17,1069.98
2014-09-18,1071.8
2014-09-19,1072.69
2014-09-22,1071.97
2014-09-23,1069.23
2014-09-24,1066.49
2014-09-25,1062.42
2014-09-26,1058.23
2014-09-29,1055.49
2014-09-30,1059.47
2014-10-01,1061.15
2014-10-02,1061.49
2014-10-03,1065.12
2014-10-06,1068.18
2014-10-07,1066.52
2014-10-08,1063.89
2014-10-09,1061.95
2014-10-10,1056.83
2014-10-13,1057.43
2014-10-14,1053.96
2014-10-15,1048.14
2014-10-16,1049.56
2014-10-17,1060.75
2014-10-20,1062.0
2014-10-21,1068.52
2014-10-22,1069.88
2014-10-23,1070.69
2014-10-24,1070.75
2014-10-27,1070.37
2014-10-28,1070.57
2014-10-29,1070.78
2014-10-30,1070.36
2014-10-31,1071.53
2014-11-03,1071.84
2014-11-04,1069.24
2014-11-05,1070.08
2014-11-06,1069.87
2014-11-07,1070.0
2014-11-10,1070.28
2014-11-11,1070.48
2014-11-12,1070.3
2014-11-13,1069.44
2014-11-14,1067.13
2014-11-17,1065.53
2014-11-18,1063.25
2014-11-19,1060.66
2014-11-20,1059.75
2014-11-21,1063.23
2014-11-24,1064.29
2014-11-25,1065.25
2014-11-26,1065.7
2014-11-27,1065.9
2014-11-28,1063.47
2014-11-30,1063.87
2014-12-01,1056.53
2014-12-02,1054.12
2014-12-03,1054.33
2014-12-04,1054.47
2014-12-05,1053.3
2014-12-08,1050.63
2014-12-09,1044.29
2014-12-10,1040.13
2014-12-11,1037.58
2014-12-12,1031.24
2014-12-15,1026.31
2014-12-16,1019.95
2014-12-17,1026.52
2014-12-18,1038.87
2014-12-19,1042.13
2014-12-22,1044.92
2014-12-23,1046.35
2014-12-24,1046.75
2014-12-25,
2014-12-26,1047.13
2014-12-29,1048.11
2014-12-30,1048.18
2014-12-31,1048.18
2015-01-01,
2015-01-02,1048.41
2015-01-05,1045.61
2015-01-06,1042.0
2015-01-07,1045.07
2015-01-08,1049.32
2015-01-09,1050.63
2015-01-12,1050.22
2015-01-13,1050.25
2015-01-14,1047.41
2015-01-15,1048.43
2015-01-16,
2015-01-19,1048.11
2015-01-20,1048.39
2015-01-21,1048.45
2015-01-22,1050.32
2015-01-23,1051.79
2015-01-26,1052.89
2015-01-27,1052.9
2015-01-28,1055.13
2015-01-29,1055.22
2015-01-30,1055.4
2015-01-31,1055.41
2015-02-02,1055.76
2015-02-03,1058.95
2015-02-04,1060.33
2015-02-05,1062.66
2015-02-06,1065.57
2015-02-09,1065.68
2015-02-10,1066.1
2015-02-11,1066.11
2015-02-12,1067.26
2015-02-13,1068.17
2015-02-16,1068.76
2015-02-17,1069.57
2015-02-18,1071.01
2015-02-19,1071.16
2015-02-20,1072.18
2015-02-23,1073.43
2015-02-24,1075.41
2015-02-25,1077.1
2015-02-26,1079.32
2015-02-27,1080.0
2015-02-28,1080.59
2015-03-02,1080.94
2015-03-03,1079.8
2015-03-04,1078.02
2015-03-05,1078.23
2015-03-06,1075.56
2015-03-09,1074.46
2015-03-10,1070.7
2015-03-11,1071.94
2015-03-12,1072.71
2015-03-13,1069.63
2015-03-16,1068.4
2015-03-17,1066.01
2015-03-18,1065.84
2015-03-19,1068.97
2015-03-20,1070.11
2015-03-23,1071.08
2015-03-24,1072.27
2015-03-25,1073.24
2015-03-26,1072.3
2015-03-27,1073.1
2015-03-30,1074.49
2015-03-31,1074.85
2015-04-01,1075.08
2015-04-02,1075.71
2015-04-03,
2015-04-06,1077.96
2015-04-07,1080.86
2015-04-08,1082.92
2015-04-09,1082.97
2015-04-10,1083.93
2015-04-13,1085.17
2015-04-14,1085.05
2015-04-15,1086.97
2015-04-16,1087.39
2015-04-17,1086.39
2015-04-20,1087.55
2015-04-21,1088.19
2015-04-22,1087.95
2015-04-23,1088.05
2015-04-24,1089.03
2015-04-27,1089.61
2015-04-28,1089.17
2015-04-29,1087.68
2015-04-30,1087.74
2015-05-01,1087.92
2015-05-04,1088.99
2015-05-05,1088.85
2015-05-06,1086.94
2015-05-07,1086.18
2015-05-08,1088.77
2015-05-11,1088.84
2015-05-12,1085.4
2015-05-13,1087.28
2015-05-14,1087.79
2015-05-15,1089.17
2015-05-18,1088.91
2015-05-19,1088.26
2015-05-20,1087.62
2015-05-21,1088.93
2015-05-22,1089.03
2015-05-25,
2015-05-26,1089.8
2015-05-27,1090.31
2015-05-28,1090.37
2015-05-29,1090.76
2015-05-31,1090.96
2015-06-01,1090.63
2015-06-02,1089.63
2015-06-03,1087.95
2015-06-04,1085.99
2015-06-05,1082.7
2015-06-08,1081.99
2015-06-09,1079.25
2015-06-10,1079.77
2015-06-11,1081.59
2015-06-12,1080.61
2015-06-15,1078.28
2015-06-16,1077.1
2015-06-17,1078.52
2015-06-18,1079.62
2015-06-19,1081.27
2015-06-22,1082.77
2015-06-23,1082.13
2015-06-24,1081.53
2015-06-25,1080.6
2015-06-26,1078.6
2015-06-29,1073.85
2015-06-30,1074.32
2015-07-01,1076.56
2015-07-02,1077.06
2015-07-03,1077.26
2015-07-06,1074.38
2015-07-07,1072.42
2015-07-08,1071.0
2015-07-09,1071.93
2015-07-10,1073.18
2015-07-13,1074.78
2015-07-14,1075.23
2015-07-15,1076.48
2015-07-16,1076.47
2015-07-17,1073.89
2015-07-20,1072.51
2015-07-21,1069.5
2015-07-22,1065.19
2015-07-23,1064.44
2015-07-24,1063.05
2015-07-27,1059.01
2015-07-28,1060.47
2015-07-29,1064.76
2015-07-30,1067.63
2015-07-31,1067.71
2015-08-03,1066.7
2015-08-04,1066.23
2015-08-05,1066.0
2015-08-06,1062.76
2015-08-07,1059.15
2015-08-10,1058.73
2015-08-11,1054.53
2015-08-12,1050.85
2015-08-13,1053.1
2015-08-14,1052.84
2015-08-17,1052.93
2015-08-18,1052.25
2015-08-19,1050.12
2015-08-20,1047.86
2015-08-21,1044.8
2015-08-24,1036.28
2015-08-25,1041.75
2015-08-26,1041.0
2015-08-27,1045.85
2015-08-28,1047.68
2015-08-31,1048.9
2015-09-01,1047.63
2015-09-02,1048.47
2015-09-03,1051.01
2015-09-04,1050.57
2015-09-07,1051.18
2015-09-08,1053.43
2015-09-09,1055.98
2015-09-10,1055.47
2015-09-11,1055.36
2015-09-14,1055.17
2015-09-15,1054.43
2015-09-16,1051.53
2015-09-17,1051.03
2015-09-18,1049.6
2015-09-21,1048.72
2015-09-22,1042.69
2015-09-23,1042.16
2015-09-24,1036.3
2015-09-25,1034.43
2015-09-28,1023.75
2015-09-29,1020.18
2015-09-30,1021.69
2015-10-01,1019.63
2015-10-02,1016.02
2015-10-05,1023.25
2015-10-06,1028.28
2015-10-07,1036.23
2015-10-08,1037.74
2015-10-09,1043.47
2015-10-12,1044.09
2015-10-13,1042.23
2015-10-14,1041.45
2015-10-15,1041.28
2015-10-16,1044.18
2015-10-19,1045.32
2015-10-20,1047.79
2015-10-21,1048.43
2015-10-22,1047.53
2015-10-23,1050.47
2015-10-26,1050.35
2015-10-27,1048.69
2015-10-28,1049.48
2015-10-29,1049.61
2015-10-30,1049.54
2015-10-31,1049.54
2015-11-02,1051.26
2015-11-03,1052.84
2015-11-04,1052.82
2015-11-05,1049.93
2015-11-06,1045.83
2015-11-09,1041.89
2015-11-10,1039.54
2015-11-11,1039.74
2015-11-12,1034.69
2015-11-13,1031.2
2015-11-16,1029.16
2015-11-17,1032.81
2015-11-18,1031.74
2015-11-19,1028.07
2015-11-20,1025.67
2015-11-23,1024.92
2015-11-24,1023.02
2015-11-25,1024.11
2015-11-26,1024.3
2015-11-27,1024.3
2015-11-30,1025.98
2015-12-01,1028.38
2015-12-02,1029.74
2015-12-03,1026.0
2015-12-04,1023.54
2015-12-07,1019.46
2015-12-08,1012.64
2015-12-09,1011.69
2015-12-10,1010.13
2015-12-11,999.22
2015-12-14,985.74
2015-12-15,993.76
2015-12-16,996.75
2015-12-17,996.35
2015-12-18,989.46
2015-12-21,989.03
2015-12-22,991.02
2015-12-23,994.75
2015-12-24,995.55
2015-12-25,
2015-12-28,996.33
2015-12-29,998.64
2015-12-30,999.08
2015-12-31,999.52
2016-01-01,
2016-01-04,996.27
2016-01-05,999.48
2016-01-06,999.47
2016-01-07,995.7
2016-01-08,996.79
2016-01-11,994.12
2016-01-12,992.33
2016-01-13,988.23
2016-01-14,982.62
2016-01-15,971.66
2016-01-18,972.28
2016-01-19,972.36
2016-01-20,958.59
2016-01-21,963.26
2016-01-22,972.74
2016-01-25,974.93
2016-01-26,976.16
2016-01-27,977.87
2016-01-28,980.28
2016-01-29,983.5
2016-01-31,983.71
2016-02-01,981.84
2016-02-02,976.9
2016-02-03,974.7
2016-02-04,975.8
2016-02-05,972.65
2016-02-08,960.75
2016-02-09,955.89
2016-02-10,958.85
2016-02-11,948.12
2016-02-12,953.44
2016-02-15,954.08
2016-02-16,958.72
2016-02-17,966.3
2016-02-18,970.35
2016-02-19,967.92
2016-02-22,972.82
2016-02-23,972.83
2016-02-24,970.25
2016-02-25,975.73
2016-02-26,982.65
2016-02-29,988.28
2016-03-01,996.56
2016-03-02,1002.74
2016-03-03,1005.98
2016-03-04,1013.0
2016-03-07,1016.26
2016-03-08,1015.32
2016-03-09,1013.5
2016-03-10,1016.81
2016-03-11,1024.68
2016-03-14,1027.39
2016-03-15,1024.15
2016-03-16,1022.89
2016-03-17,1029.42
2016-03-18,1035.49
2016-03-21,1037.17
2016-03-22,1036.0
2016-03-23,1034.5
2016-03-24,1028.35
2016-03-25,
2016-03-28,1027.48
2016-03-29,1024.35
2016-03-30,1029.36
2016-03-31,1031.97
2016-04-01,1031.84
2016-04-04,1033.67
2016-04-05,1031.06
2016-04-06,1034.47
2016-04-07,1033.81
2016-04-08,1036.63
2016-04-11,1038.94
2016-04-12,1042.69
2016-04-13,1049.91
2016-04-14,1052.77
2016-04-15,1053.0
2016-04-18,1053.1
2016-04-19,1059.78
2016-04-20,1064.32
2016-04-21,1065.13
2016-04-22,1064.87
2016-04-25,1063.94
2016-04-26,1065.58
2016-04-27,1068.68
2016-04-28,1073.39
2016-04-29,1072.96
2016-04-30,1073.2
2016-05-02,1073.46
2016-05-03,1069.68
2016-05-04,1067.39
2016-05-05,1067.14
2016-05-06,1063.64
2016-05-09,1063.42
2016-05-10,1065.79
2016-05-11,1068.84
2016-05-12,1069.38
2016-05-13,1068.56
2016-05-16,1071.02
2016-05-17,1072.44
2016-05-18,1072.24
2016-05-19,1067.96
2016-05-20,1071.09
2016-05-23,1072.23
2016-05-24,1074.98
2016-05-25,1078.02
2016-05-26,1079.42
2016-05-27,1079.58
2016-05-30,1080.18
2016-05-31,1080.95
2016-06-01,1078.8
2016-06-02,1080.07
2016-06-03,1081.37
2016-06-06,1085.45
2016-06-07,1089.43
2016-06-08,1093.8
2016-06-09,1093.69
2016-06-10,1090.82
2016-06-13,1088.44
2016-06-14,1082.66
2016-06-15,1084.39
2016-06-16,1079.69
2016-06-17,1082.92
2016-06-20,1090.47
2016-06-21,1090.08
2016-06-22,1092.7
2016-06-23,1096.35
2016-06-24,1084.37
2016-06-27,1078.12
2016-06-28,1081.06
2016-06-29,1089.28
2016-06-30,1092.66
2016-07-01,1096.84
2016-07-04,1097.46
2016-07-05,1098.19
2016-07-06,1098.14
2016-07-07,1102.77
2016-07-08,1108.32
2016-07-11,1115.46
2016-07-12,1121.69
2016-07-13,1118.94
2016-07-14,1121.68
2016-07-15,1121.39
2016-07-18,1121.63
2016-07-19,1121.9
2016-07-20,1123.34
2016-07-21,1124.41
2016-07-22,1124.66
2016-07-25,1124.91
2016-07-26,1122.7
2016-07-27,1122.2
2016-07-28,1121.03
2016-07-29,1120.05
2016-07-31,1120.26
2016-08-01,1119.73
2016-08-02,1117.51
2016-08-03,1118.14
2016-08-04,1122.52
2016-08-05,1126.16
2016-08-08,1129.03
2016-08-09,1132.99
2016-08-10,1133.83
2016-08-11,1134.28
2016-08-12,1135.34
2016-08-15,1137.82
2016-08-16,1139.49
2016-08-17,1139.79
2016-08-18,1140.97
2016-08-19,1141.13
2016-08-22,1141.53
2016-08-23,1143.33
2016-08-24,1143.74
2016-08-25,1143.46
2016-08-26,1144.11
2016-08-29,1144.87
2016-08-30,1145.96
2016-08-31,1145.22
2016-09-01,1144.54
2016-09-02,1145.37
2016-09-05,1145.99
2016-09-06,1147.75
2016-09-07,1148.76
2016-09-08,1149.36
2016-09-09,1144.93
2016-09-12,1142.51
2016-09-13,1138.97
2016-09-14,1138.65
2016-09-15,1138.88
2016-09-16,1137.61
2016-09-19,1139.09
2016-09-20,1139.65
2016-09-21,1141.31
2016-09-22,1147.63
2016-09-23,1147.87
2016-09-26,1146.9
2016-09-27,1146.53
2016-09-28,1148.34
2016-09-29,1150.94
2016-09-30,1152.62
2016-10-03,1153.9
2016-10-04,1155.21
2016-10-05,1156.72
2016-10-06,1157.39
2016-10-07,1157.75
2016-10-10,1158.37
2016-10-11,1158.3
2016-10-12,1157.88
2016-10-13,1156.61
2016-10-14,1158.65
2016-10-17,1159.33
2016-10-18,1161.86
2016-10-19,1164.43
2016-10-20,1165.9
2016-10-21,1165.76
2016-10-24,1167.06
2016-10-25,1167.12
2016-10-26,1164.36
2016-10-27,1162.04
2016-10-28,1159.68
2016-10-31,1156.23
2016-11-01,1151.57
2016-11-02,1147.74
2016-11-03,1147.79
2016-11-04,1146.56
2016-11-07,1152.73
2016-11-08,1152.31
2016-11-09,1149.26
2016-11-10,1146.02
2016-11-11,1146.23
2016-11-14,1135.52
2016-11-15,1141.49
2016-11-16,1142.0
2016-11-17,1143.93
2016-11-18,1142.25
2016-11-21,1144.44
2016-11-22,1148.27
2016-11-23,1148.58
2016-11-24,1148.78
2016-11-25,1148.91
2016-11-28,1150.54
2016-11-29,1149.87
2016-11-30,1151.67
2016-12-01,1151.78
2016-12-02,1152.54
2016-12-05,1155.24
2016-12-06,1158.84
2016-12-07,1163.63
2016-12-08,1165.36
2016-12-09,1167.4
2016-12-12,1169.31
2016-12-13,1170.96
2016-12-14,1170.96
2016-12-15,1166.26
2016-12-16,1165.84
2016-12-19,1167.06
2016-12-20,1167.69
2016-12-21,1168.89
2016-12-22,1169.79
2016-12-23,1170.8
2016-12-26,
2016-12-27,1172.39
2016-12-28,1173.15
2016-12-29,1173.81
2016-12-30,1174.31
2016-12-31,1174.32
2017-01-02,
2017-01-03,1177.47
2017-01-04,1181.77
2017-01-05,1184.47
2017-01-06,1185.21
2017-01-09,1185.75
2017-01-10,1187.02
2017-01-11,1186.43
2017-01-12,1186.11
2017-01-13,1186.93
2017-01-16,1187.56
2017-01-17,1187.54
2017-01-18,1187.07
2017-01-19,1185.96
2017-01-20,1185.29
2017-01-23,1185.17
2017-01-24,1186.44
2017-01-25,1189.11
2017-01-26,1190.13
2017-01-27,1191.12
2017-01-30,1190.47
2017-01-31,1190.09
2017-02-01,1191.5
2017-02-02,1192.62
2017-02-03,1195.37
2017-02-06,1196.46
2017-02-07,1196.82
2017-02-08,1195.56
2017-02-09,1195.67
2017-02-10,1196.58
2017-02-13,1198.03
2017-02-14,1198.62
2017-02-15,1199.26
2017-02-16,1199.26
2017-02-17,1198.94
2017-02-20,1199.57
2017-02-21,1202.01
2017-02-22,1203.71
2017-02-23,1205.6
2017-02-24,1205.73
2017-02-27,1207.58
2017-02-28,1208.66
2017-03-01,1211.78
2017-03-02,1211.21
2017-03-03,1209.55
2017-03-06,1207.4
2017-03-07,1203.76
2017-03-08,1199.64
2017-03-09,1194.14
2017-03-10,1194.75
2017-03-13,1192.13
2017-03-14,1187.24
2017-03-15,1192.01
2017-03-16,1197.61
2017-03-17,1197.43
2017-03-20,1196.51
2017-03-21,1194.7
2017-03-22,1190.98
2017-03-23,1192.88
2017-03-24,1194.95
2017-03-27,1193.93
2017-03-28,1197.18
2017-03-29,1201.55
2017-03-30,1205.04
2017-03-31,1206.12
2017-04-03,1206.45
2017-04-04,1206.31
2017-04-05,1208.76
2017-04-06,1208.66
2017-04-07,1209.6
2017-04-10,1210.69
2017-04-11,1210.24
2017-04-12,1209.6
2017-04-13,1209.4
2017-04-14,
2017-04-17,1209.58
2017-04-18,1209.1
2017-04-19,1210.55
2017-04-20,1210.81
2017-04-21,1211.6
2017-04-24,1214.69
2017-04-25,1216.4
2017-04-26,1217.88
2017-04-27,1218.02
2017-04-28,1219.37
2017-04-30,1219.79
2017-05-01,1219.94
2017-05-02,1221.05
2017-05-03,1221.14
2017-05-04,1218.3
2017-05-05,1217.61
2017-05-08,1218.31
2017-05-09,1219.54
2017-05-10,1220.51
2017-05-11,1221.41
2017-05-12,1221.89
2017-05-15,1223.95
2017-05-16,1224.94
2017-05-17,1223.55
2017-05-18,1222.35
2017-05-19,1225.28
2017-05-22,1227.07
2017-05-23,1228.22
2017-05-24,1228.78
2017-05-25,1229.54
2017-05-26,1229.33
2017-05-29,1229.97
2017-05-30,1230.63
2017-05-31,1230.68
2017-06-01,1232.08
2017-06-02,1233.33
2017-06-05,1233.9
2017-06-06,1233.78
2017-06-07,1232.6
2017-06-08,1231.39
2017-06-09,1232.19
2017-06-12,1233.16
2017-06-13,1234.59
2017-06-14,1235.07
2017-06-15,1233.45
2017-06-16,1232.55
2017-06-19,1233.71
2017-06-20,1230.95
2017-06-21,1227.98
2017-06-22,1227.47
2017-06-23,1228.34
2017-06-26,1230.21
2017-06-27,1231.16
2017-06-28,1231.48
2017-06-29,1231.57
2017-06-30,1231.98
2017-07-03,1232.82
2017-07-04,1233.03
2017-07-05,1232.92
2017-07-06,1231.01
2017-07-07,1228.54
2017-07-10,1229.31
2017-07-11,1229.64
2017-07-12,1232.88
2017-07-13,1233.81
2017-07-14,1236.02
2017-07-17,1238.72
2017-07-18,1240.16
2017-07-19,1242.12
2017-07-20,1243.66
2017-07-21,1243.37
2017-07-24,1243.88
2017-07-25,1244.88
2017-07-26,1246.15
2017-07-27,1246.06
2017-07-28,1246.24
2017-07-31,1246.19
2017-08-01,1247.44
2017-08-02,1247.52
2017-08-03,1246.96
2017-08-04,1246.56
2017-08-07,1246.79
2017-08-08,1245.96
2017-08-09,1241.46
2017-08-10,1237.87
2017-08-11,1236.76
2017-08-14,1239.41
2017-08-15,1239.04
2017-08-16,1240.06
2017-08-17,1238.89
2017-08-18,1237.21
2017-08-21,1237.67
2017-08-22,1238.57
2017-08-23,1239.03
2017-08-24,1240.3
2017-08-25,1241.47
2017-08-28,1242.75
2017-08-29,1242.51
2017-08-30,1243.62
2017-08-31,1245.87
2017-09-01,1246.5
2017-09-04,1247.15
2017-09-05,1247.19
2017-09-06,1248.57
2017-09-07,1248.8
2017-09-08,1247.9
2017-09-11,1249.03
2017-09-12,1249.49
2017-09-13,1249.66
2017-09-14,1250.53
2017-09-15,1250.58
2017-09-18,1251.98
2017-09-19,1252.66
2017-09-20,1253.59
2017-09-21,1253.15
2017-09-22,1253.34
2017-09-25,1254.49
2017-09-26,1255.52
2017-09-27,1255.09
2017-09-28,1255.98
2017-09-29,1256.85
2017-09-30,1257.06
2017-10-02,1257.42
2017-10-03,1257.8
2017-10-04,1258.21
2017-10-05,1259.06
2017-10-06,1258.8
2017-10-09,1259.45
2017-10-10,1259.79
2017-10-11,1260.02
2017-10-12,1259.17
2017-10-13,1259.05
2017-10-16,1260.0
2017-10-17,1261.08
2017-10-18,1262.04
2017-10-19,1262.12
2017-10-20,1262.59
2017-10-23,1263.95
2017-10-24,1263.99
2017-10-25,1261.68
2017-10-26,1261.57
2017-10-27,1260.92
2017-10-30,1261.49
2017-10-31,1261.91
2017-11-01,1262.59
2017-11-02,1261.91
2017-11-03,1261.71
2017-11-06,1261.67
2017-11-07,1260.68
2017-11-08,1256.43
2017-11-09,1251.7
2017-11-10,1251.64
2017-11-13,1251.34
2017-11-14,1248.33
2017-11-15,1244.44
2017-11-16,1251.5
2017-11-17,1252.17
2017-11-20,1253.56
2017-11-21,1255.26
2017-11-22,1256.43
2017-11-23,1256.64
2017-11-24,1256.98
2017-11-27,1258.15
2017-11-28,1257.37
2017-11-29,1258.02
2017-11-30,1258.53
2017-12-01,1258.69
2017-12-04,1260.25
2017-12-05,1260.43
2017-12-06,1259.2
2017-12-07,1258.64
2017-12-08,1259.09
2017-12-11,1259.91
2017-12-12,1260.92
2017-12-13,1260.53
2017-12-14,1259.77
2017-12-15,1259.34
2017-12-18,1259.59
2017-12-19,1259.42
2017-12-20,1259.12
2017-12-21,1259.66
2017-12-22,1259.71
2017-12-25,
2017-12-26,1260.24
2017-12-27,1261.12
2017-12-28,1262.01
2017-12-29,1262.02
2017-12-31,1262.2
2018-01-01,
2018-01-02,1263.88
2018-01-03,1267.47
2018-01-04,1270.99
2018-01-05,1272.34
2018-01-08,1273.07
2018-01-09,1272.93
2018-01-10,1269.79
2018-01-11,1271.23
2018-01-12,1271.48
2018-01-15,1272.13
2018-01-16,1272.77
2018-01-17,1272.08
2018-01-18,1270.71
2018-01-19,1269.95
2018-01-22,1270.75
2018-01-23,1272.81
2018-01-24,1273.36
2018-01-25,1273.64
2018-01-26,1274.02
2018-01-29,1272.48
2018-01-30,1268.73
2018-01-31,1270.29
2018-02-01,1268.84
2018-02-02,1264.47
2018-02-05,1261.66
2018-02-06,1257.17
2018-02-07,1261.24
2018-02-08,1254.88
2018-02-09,1246.45
2018-02-12,1250.54
2018-02-13,1247.17
2018-02-14,1246.97
2018-02-15,1253.04
2018-02-16,1256.91
2018-02-19,1257.56
2018-02-20,1258.05
2018-02-21,1257.69
2018-02-22,1255.38
2018-02-23,1254.86
2018-02-26,1259.22
2018-02-27,1258.76
2018-02-28,1258.45
2018-03-01,1255.92
2018-03-02,1251.72
2018-03-05,1254.03
2018-03-06,1256.82
2018-03-07,1255.19
2018-03-08,1255.61
2018-03-09,1256.54
2018-03-12,1256.94
2018-03-13,1256.13
2018-03-14,1254.88
2018-03-15,1253.72
2018-03-16,1254.03
2018-03-19,1252.3
2018-03-20,1251.89
2018-03-21,1252.37
2018-03-22,1250.69
2018-03-23,1249.38
2018-03-26,1249.59
2018-03-27,1250.95
2018-03-28,1249.83
2018-03-29,1250.45
2018-03-30,
2018-03-31,1250.68
2018-04-02,1249.4
2018-04-03,1249.79
2018-04-04,1249.92
2018-04-05,1254.35
2018-04-06,1254.6
2018-04-09,1256.04
2018-04-10,1259.65
2018-04-11,1260.63
2018-04-12,1262.65
2018-04-13,1264.99
2018-04-16,1266.82
2018-04-17,1269.03
2018-04-18,1269.54
2018-04-19,1264.76
2018-04-20,1263.49
2018-04-23,1261.37
2018-04-24,1258.9
2018-04-25,1255.11
2018-04-26,1258.02
2018-04-27,1258.76
2018-04-30,1259.0
2018-05-01,1257.31
2018-05-02,1258.61
2018-05-03,1257.43
2018-05-04,1258.13
2018-05-07,1259.82
2018-05-08,1259.37
2018-05-09,1259.86
2018-05-10,1261.1
2018-05-11,1261.62
2018-05-14,1262.44
2018-05-15,1260.13
2018-05-16,1259.42
2018-05-17,1259.52
2018-05-18,1259.02
2018-05-21,1259.28
2018-05-22,1259.88
2018-05-23,1258.68
2018-05-24,1259.3
2018-05-25,1258.79
2018-05-28,1259.45
2018-05-29,1256.44
2018-05-30,1257.74
2018-05-31,1258.81
2018-06-01,1259.86
2018-06-04,1261.47
2018-06-05,1262.54
2018-06-06,1263.55
2018-06-07,1265.27
2018-06-08,1265.04
2018-06-11,1266.64
2018-06-12,1267.75
2018-06-13,1268.9
2018-06-14,1270.38
2018-06-15,1270.51
2018-06-18,1270.52
2018-06-19,1269.337
2018-06-20,1270.68
2018-06-21,1269.79
2018-06-22,1269.77
2018-06-25,1268.27
2018-06-26,1267.39
2018-06-27,1266.12
2018-06-28,1261.92
2018-06-29,1262.93
2018-06-30,1263.15
2018-07-02,1259.32
2018-07-03,1260.97
2018-07-04,1261.19
2018-07-05,1261.99
2018-07-06,1263.04
2018-07-09,1266.25
2018-07-10,1268.21
2018-07-11,1266.87
2018-07-12,1268.76
2018-07-13,1269.6
2018-07-16,1269.82
2018-07-17,1270.11
2018-07-18,1270.68
2018-07-19,1270.42
2018-07-20,1270.86
2018-07-23,1271.6
2018-07-24,1272.85
2018-07-25,1273.18
2018-07-26,1274.58
2018-07-27,1275.22
2018-07-30,1275.9
2018-07-31,1277.27
2018-08-01,1277.58
2018-08-02,1278.13
2018-08-03,1279.6
2018-08-06,1280.74
2018-08-07,1282.76
2018-08-08,1282.52
2018-08-09,1282.77
2018-08-10,1280.86
2018-08-13,1280.32
2018-08-14,1280.64
2018-08-15,1279.01
2018-08-16,1280.71
2018-08-17,1281.05
2018-08-20,1282.32
2018-08-21,1283.45
2018-08-22,1284.76
2018-08-23,1285.1
2018-08-24,1285.65
2018-08-27,1286.89
2018-08-28,1287.13
2018-08-29,1287.36
2018-08-30,1286.85
2018-08-31,1286.52
2018-09-03,1287.2
2018-09-04,1286.85
2018-09-05,1285.74
2018-09-06,1285.57
2018-09-07,1284.81
2018-09-10,1286.1
2018-09-11,1286.77
2018-09-12,1288.58
2018-09-13,1290.33
2018-09-14,1290.88
2018-09-17,1291.42
2018-09-18,1292.25
2018-09-19,1291.76
2018-09-20,1291.53
2018-09-21,1291.74
2018-09-24,1291.27
2018-09-25,1291.1
2018-09-26,1292.05
2018-09-27,1293.03
2018-09-28,1293.54
2018-09-30,1293.99
2018-10-01,1296.37
2018-10-02,1297.01
2018-10-03,1296.67
2018-10-04,1290.08
2018-10-05,1287.85
2018-10-08,1288.53
2018-10-09,1284.55
2018-10-10,1279.93
2018-10-11,1280.01
2018-10-12,1282.09
2018-10-15,1283.24
2018-10-16,1285.46
2018-10-17,1284.73
2018-10-18,1282.18
2018-10-19,1281.1
2018-10-22,1281.09
2018-10-23,1276.83
2018-10-24,1277.61
2018-10-25,1275.05
2018-10-26,1271.82
2018-10-29,1272.37
2018-10-30,1269.41
2018-10-31,1272.8
2018-11-01,1273.61
2018-11-02,1274.9
2018-11-05,1275.62
2018-11-06,1277.07
2018-11-07,1280.7
2018-11-08,1281.29
2018-11-09,1276.2
2018-11-12,1276.89
2018-11-13,1270.93
2018-11-14,1266.64
2018-11-15,1261.25
2018-11-16,1259.72
2018-11-19,1258.17
2018-11-20,1254.2
2018-11-21,1257.77
2018-11-22,1258.0
2018-11-23,1256.13
2018-11-26,1257.7
2018-11-27,1255.35
2018-11-28,1259.5
2018-11-29,1261.15
2018-11-30,1261.25
2018-12-03,1267.3
2018-12-04,1265.0
2018-12-05,1265.24
2018-12-06,1257.01
2018-12-07,1259.74
2018-12-10,1256.73
2018-12-11,1259.03
2018-12-12,1262.46
2018-12-13,1263.06
2018-12-14,1260.79
2018-12-17,1257.69
2018-12-18,1252.81
2018-12-19,1248.99
2018-12-20,1235.21
2018-12-21,1230.73
2018-12-24,1227.89
2018-12-25,
2018-12-26,1224.98
2018-12-27,1227.13
2018-12-28,1231.56
2018-12-31,1233.61
2019-01-01,
2019-01-02,1234.57
2019-01-03,1236.01
2019-01-04,1249.58
2019-01-07,1259.24
2019-01-08,1265.77
2019-01-09,1272.28
2019-01-10,1271.92
2019-01-11,1273.11
2019-01-14,1270.99
2019-01-15,1273.16
2019-01-16,1277.07
2019-01-17,1277.84
2019-01-18,1281.96
2019-01-21,1282.66
2019-01-22,1279.59
2019-01-23,1279.26
2019-01-24,1278.61
2019-01-25,1281.78
2019-01-28,1279.72
2019-01-29,1281.64
2019-01-30,1284.64
2019-01-31,1290.27
2019-02-01,1291.82
2019-02-04,1293.26
2019-02-05,1298.33
2019-02-06,1299.6
2019-02-07,1294.88
2019-02-08,1293.88
2019-02-11,1294.84
2019-02-12,1298.91
2019-02-13,1299.52
2019-02-14,1299.49
2019-02-15,1301.76
2019-02-18,1302.46
2019-02-19,1303.05
2019-02-20,1304.94
2019-02-21,1305.15
2019-02-22,1306.31
2019-02-25,1308.58
2019-02-26,1309.74
2019-02-27,1311.22
2019-02-28,1312.05
2019-03-01,1312.64
2019-03-04,1312.67
2019-03-05,1312.17
2019-03-06,1310.8
2019-03-07,1308.56
2019-03-08,1305.55
2019-03-11,1307.98
2019-03-12,1310.88
2019-03-13,1313.94
2019-03-14,1315.0
2019-03-15,1316.02
2019-03-18,1316.75
2019-03-19,1318.15
2019-03-20,1318.71
2019-03-21,1321.34
2019-03-22,1319.39
2019-03-25,1318.28
2019-03-26,1320.82
2019-03-27,1321.17
2019-03-28,1321.78
2019-03-29,1324.68
2019-03-31,1324.91
2019-04-01,1327.39
2019-04-02,1327.8
2019-04-03,1329.54
2019-04-04,1329.74
2019-04-05,1331.82
2019-04-08,1333.03
2019-04-09,1333.2
2019-04-10,1334.27
2019-04-11,1336.72
2019-04-12,1339.39
2019-04-15,1339.62
2019-04-16,1340.57
2019-04-17,1339.76
2019-04-18,1339.12
2019-04-19,
2019-04-22,1339.04
2019-04-23,1340.68
2019-04-24,1341.98
2019-04-25,1341.05
2019-04-26,1341.56
2019-04-29,1342.77
2019-04-30,1343.45
2019-05-01,1344.07
2019-05-02,1341.65
2019-05-03,1343.46
2019-05-06,1341.71
2019-05-07,1340.35
2019-05-08,1340.11
2019-05-09,1336.46
2019-05-10,1336.1
2019-05-13,1330.87
2019-05-14,1333.3
2019-05-15,1332.49
2019-05-16,1335.48
2019-05-17,1335.35
2019-05-20,1335.19
2019-05-21,1337.71
2019-05-22,1336.93
2019-05-23,1332.83
2019-05-24,1333.77
2019-05-27,1334.48
2019-05-28,1334.65
2019-05-29,1329.88
2019-05-30,1331.57
2019-05-31,1326.37
2019-06-03,1325.78
2019-06-04,1331.17
2019-06-05,1333.36
2019-06-06,1334.92
2019-06-07,1339.28
2019-06-10,1343.59
2019-06-11,1345.2
2019-06-12,1343.77
2019-06-13,1344.58
2019-06-14,1344.12
2019-06-17,1344.37
2019-06-18,1348.58
2019-06-19,1350.59
2019-06-20,1357.36
2019-06-21,1358.66
2019-06-24,1359.34
2019-06-25,1357.08
2019-06-26,1356.56
2019-06-27,1356.71
2019-06-28,1358.42
2019-06-30,1358.89
2019-07-01,1361.32
2019-07-02,1360.84
2019-07-03,1361.97
2019-07-04,1362.21
2019-07-05,1361.37
2019-07-08,1361.15
2019-07-09,1359.32
2019-07-10,1361.59
2019-07-11,1360.71
2019-07-12,1360.98
2019-07-15,1361.98
2019-07-16,1362.08
2019-07-17,1361.12
2019-07-18,1358.24
2019-07-19,1358.74
2019-07-22,1359.89
2019-07-23,1361.79
2019-07-24,1363.48
2019-07-25,1364.29
2019-07-26,1365.57
2019-07-29,1365.94
2019-07-30,1364.47
2019-07-31,1365.85
2019-08-01,1364.38
2019-08-02,1360.69
2019-08-05,1351.07
2019-08-06,1353.65
2019-08-07,1350.08
2019-08-08,1356.54
2019-08-09,1356.12
2019-08-12,1355.46
2019-08-13,1358.02
2019-08-14,1351.52
2019-08-15,1351.76
2019-08-16,1354.09
2019-08-19,1357.67
2019-08-20,1359.22
2019-08-21,1363.48
2019-08-22,1365.34
2019-08-23,1363.99
2019-08-26,1364.89
2019-08-27,1366.65
2019-08-28,1368.14
2019-08-29,1370.52
2019-08-30,1371.14
2019-08-31,1371.18
2019-09-02,1371.66
2019-09-03,1369.23
2019-09-04,1371.08
2019-09-05,1373.43
2019-09-06,1374.66
2019-09-09,1376.41
2019-09-10,1377.64
2019-09-11,1377.25
2019-09-12,1378.22
2019-09-13,1376.66
2019-09-16,1380.29
2019-09-17,1380.22
2019-09-18,1379.66
2019-09-19,1380.48
2019-09-20,1380.51
2019-09-23,1380.73
2019-09-24,1380.57
2019-09-25,1377.63
2019-09-26,1377.05
2019-09-27,1375.82
2019-09-30,1375.53
2019-10-01,1374.59
2019-10-02,1368.68
2019-10-03,1367.35
2019-10-04,1369.51
2019-10-07,1370.21
2019-10-08,1367.8
2019-10-09,1369.4
2019-10-10,1370.27
2019-10-11,1373.4
2019-10-14,1374.11
2019-10-15,1376.2
2019-10-16,1377.45
2019-10-17,1378.54
2019-10-18,1378.77
2019-10-21,1379.58
2019-10-22,1379.79
2019-10-23,1380.44
2019-10-24,1381.34
2019-10-25,1382.65
2019-10-28,1383.31
2019-10-29,1383.15
2019-10-30,1381.33
2019-10-31,1378.72
2019-11-01,1380.55
2019-11-04,1383.88
2019-11-05,1383.09
2019-11-06,1381.83
2019-11-07,1381.8
2019-11-08,1380.93
2019-11-11,1381.65
2019-11-12,1381.46
2019-11-13,1380.18
2019-11-14,1379.69
2019-11-15,1379.98
2019-11-18,1379.87
2019-11-19,1377.75
2019-11-20,1376.25
2019-11-21,1375.71
2019-11-22,1376.36
2019-11-25,1378.8
2019-11-26,1380.77
2019-11-27,1382.16
2019-11-28,
2019-11-29,1382.25
2019-11-30,1382.49
2019-12-02,1381.41
2019-12-03,1380.33
2019-12-04,1383.85
2019-12-05,1384.9
2019-12-06,1388.17
2019-12-09,1389.36
2019-12-10,1391.08
2019-12-11,1392.78
2019-12-12,1396.45
2019-12-13,1399.53
2019-12-16,1402.38
2019-12-17,1405.24
2019-12-18,1408.24
2019-12-19,1408.71
2019-12-20,1409.11
2019-12-23,1409.71
2019-12-24,1409.81
2019-12-25,
2019-12-26,1410.48
2019-12-27,1411.07
2019-12-30,1411.36
2019-12-31,1411.39
2020-01-01,
2020-01-02,1413.29
2020-01-03,1414.29
2020-01-06,1415.42
2020-01-07,1416.35
2020-01-08,1416.39
2020-01-09,1416.95
2020-01-10,1417.96
2020-01-13,1419.05
2020-01-14,1420.18
2020-01-15,1421.02
2020-01-16,1421.89
2020-01-17,1422.1
2020-01-20,1422.82
2020-01-21,1421.73
2020-01-22,1421.25
2020-01-23,1418.26
2020-01-24,1416.08
2020-01-27,1407.36
2020-01-28,1412.98
2020-01-29,1414.52
2020-01-30,1411.52
2020-01-31,1411.45
2020-02-03,1412.63
2020-02-04,1415.39
2020-02-05,1418.19
2020-02-06,1420.64
2020-02-07,1420.33
2020-02-10,1420.65
2020-02-11,1424.82
2020-02-12,1426.42
2020-02-13,1427.15
2020-02-14,1427.35
2020-02-17,1428.07
2020-02-18,1427.36
2020-02-19,1428.9
2020-02-20,1429.08
2020-02-21,1428.24
2020-02-24,1417.92
2020-02-25,1414.54
2020-02-26,1411.77
2020-02-27,1399.11
2020-02-28,1389.09
2020-02-29,1389.57
2020-03-02,1396.03
2020-03-03,1404.37
2020-03-04,1411.61
2020-03-05,1403.2
2020-03-06,1383.25
2020-03-09,1333.31
2020-03-10,1337.71
2020-03-11,1321.7
2020-03-12,1278.05
2020-03-13,1282.37
2020-03-16,1237.61
2020-03-17,1226.31
2020-03-18,1183.48
2020-03-19,1152.98
2020-03-20,1147.08
2020-03-23,1121.21
2020-03-24,1132.92
2020-03-25,1152.69
2020-03-26,1191.63
2020-03-27,1208.84
2020-03-30,1218.44
2020-03-31,1226.17
2020-04-01,1210.31
2020-04-02,1206.53
2020-04-03,1196.36
2020-04-06,1201.0
2020-04-07,1216.87
2020-04-08,1220.85
2020-04-09,1259.48
2020-04-10,
2020-04-13,1276.52
2020-04-14,1289.41
2020-04-15,1282.51
2020-04-16,1283.5
2020-04-17,1291.96
2020-04-20,1286.05
2020-04-21,1269.97
2020-04-22,1270.09
2020-04-23,1268.63
2020-04-24,1262.53
2020-04-27,1261.55
2020-04-28,1263.15
2020-04-29,1268.68
2020-04-30,1272.77
2020-05-01,1269.22
2020-05-04,1267.26
2020-05-05,1274.82
2020-05-06,1276.31
2020-05-07,1279.23
2020-05-08,1281.57
2020-05-11,1281.51
2020-05-12,1287.56
2020-05-13,1281.54
2020-05-14,1273.06
2020-05-15,1272.21
2020-05-18,1286.82
2020-05-19,1290.77
2020-05-20,1300.52
2020-05-21,1305.18
2020-05-22,1306.93
2020-05-25,1307.61
2020-05-26,1320.74
2020-05-27,1325.94
2020-05-28,1331.76
2020-05-29,1330.75
2020-05-31,1330.99
2020-06-01,1334.9
2020-06-02,1345.31
2020-06-03,1358.96
2020-06-04,1360.43
2020-06-05,1375.0
2020-06-08,1378.95
2020-06-09,1374.07
2020-06-10,1370.64
2020-06-11,1350.44
2020-06-12,1354.32
2020-06-15,1352.9
2020-06-16,1371.76
2020-06-17,1371.45
2020-06-18,1366.2
2020-06-19,1366.0
2020-06-22,1365.37
2020-06-23,1366.21
2020-06-24,1357.69
2020-06-25,1352.96
2020-06-26,1348.85
2020-06-29,1343.33
2020-06-30,1343.96
2020-07-01,1348.0
2020-07-02,1354.8
2020-07-03,1355.03
2020-07-06,1361.87
2020-07-07,1362.57
2020-07-08,1361.78
2020-07-09,1359.72
2020-07-10,1358.76
2020-07-13,1364.06
2020-07-14,1362.55
2020-07-15,1371.0
2020-07-16,1372.79
2020-07-17,1374.96
2020-07-20,1381.29
2020-07-21,1390.4
2020-07-22,1394.07
2020-07-23,1395.67
2020-07-24,1395.83
2020-07-27,1397.64
2020-07-28,1397.91
2020-07-29,1402.56
2020-07-30,1405.29
2020-07-31,1408.17
2020-08-03,1411.29
2020-08-04,1411.25
2020-08-05,1415.6
2020-08-06,1415.79
2020-08-07,1416.33
2020-08-10,1416.62
2020-08-11,1417.89
2020-08-12,1415.33
2020-08-13,1412.29
2020-08-14,1408.92
2020-08-17,1408.58
2020-08-18,1409.63
2020-08-19,1410.16
2020-08-20,1409.56
2020-08-21,1410.18
2020-08-24,1414.3
2020-08-25,1417.98
2020-08-26,1418.97
2020-08-27,1420.18
2020-08-28,1421.21
2020-08-31,1422.03
2020-09-01,1423.72
2020-09-02,1426.43
2020-09-03,1424.19
2020-09-04,1419.54
2020-09-07,1420.24
2020-09-08,1415.51
2020-09-09,1417.55
2020-09-10,1418.08
2020-09-11,1416.34
2020-09-14,1417.0
2020-09-15,1418.37
2020-09-16,1420.65
2020-09-17,1418.91
2020-09-18,1418.26
2020-09-21,1408.44
2020-09-22,1406.41
2020-09-23,1404.14
2020-09-24,1396.5
2020-09-25,1395.96
2020-09-28,1401.59
2020-09-29,1402.73
2020-09-30,1407.21
2020-10-01,1409.46
2020-10-02,1408.28
2020-10-05,1414.76
2020-10-06,1420.08
2020-10-07,1420.79
2020-10-08,1424.21
2020-10-09,1426.38
2020-10-12,1427.07
2020-10-13,1429.67
2020-10-14,1429.07
2020-10-15,1424.21
2020-10-16,1426.51
2020-10-19,1427.98
2020-10-20,1428.37
2020-10-21,1427.92
2020-10-22,1428.02
2020-10-23,1429.16
2020-10-26,1424.93
2020-10-27,1423.75
2020-10-28,1413.88
2020-10-29,1414.12
2020-10-30,1413.76
2020-10-31,1413.79
2020-11-02,1417.13
2020-11-03,1423.26
2020-11-04,1436.01
2020-11-05,1445.08
2020-11-06,1443.74
2020-11-09,1461.0
2020-11-10,1457.03
2020-11-11,1457.26
2020-11-12,1450.85
2020-11-13,1450.4
2020-11-16,1455.56
2020-11-17,1457.18
2020-11-18,1459.91
2020-11-19,1459.05
2020-11-20,1459.42
2020-11-23,1462.37
2020-11-24,1468.3
2020-11-25,1468.12
2020-11-26,1468.36
2020-11-27,1469.04
2020-11-30,1470.38
2020-12-01,1473.67
2020-12-02,1475.8
2020-12-03,1479.54
2020-12-04,1482.5
2020-12-07,1484.2
2020-12-08,1485.3
2020-12-09,1484.71
2020-12-10,1484.79
2020-12-11,1484.31
2020-12-14,1486.19
2020-12-15,1486.82
2020-12-16,1487.48
2020-12-17,1488.67
2020-12-18,1489.37
2020-12-21,1485.15
2020-12-22,1487.2
2020-12-23,1488.92
2020-12-24,1489.88
2020-12-25,
2020-12-28,1495.82
2020-12-29,1496.53
2020-12-30,1497.48
2020-12-31,1498.42
2021-01-01,
2021-01-04,1498.02
2021-01-05,1498.31
2021-01-06,1499.91
2021-01-07,1501.01
2021-01-08,1501.87
2021-01-11,1499.92
2021-01-12,1498.46
2021-01-13,1500.52
2021-01-14,1503.05
2021-01-15,1503.92
2021-01-18,1504.62
2021-01-19,1505.73
2021-01-20,1508.17
2021-01-21,1508.42
2021-01-22,1505.03
2021-01-25,1505.75
2021-01-26,1506.1
2021-01-27,1503.36
2021-01-28,1505.23
2021-01-29,1503.92
2021-01-31,1504.16
2021-02-01,1505.01
2021-02-02,1507.47
2021-02-03,1510.51
2021-02-04,1512.6
2021-02-05,1514.71
2021-02-08,1516.74
2021-02-09,1517.77
2021-02-10,1518.7
2021-02-11,1519.48
2021-02-12,1519.18
2021-02-15,1519.88
2021-02-16,1519.54
2021-02-17,1518.91
2021-02-18,1518.02
2021-02-19,1518.46
2021-02-22,1517.16
2021-02-23,1516.16
2021-02-24,1516.34
2021-02-25,1511.89
2021-02-26,1508.48
2021-02-28,1509.4
2021-03-01,1512.41
2021-03-02,1513.88
2021-03-03,1512.56
2021-03-04,1509.93
2021-03-05,1506.33
2021-03-08,1505.69
2021-03-09,1504.37
2021-03-10,1504.07
2021-03-11,1509.19
2021-03-12,1505.77
2021-03-15,1505.66
2021-03-16,1505.61
2021-03-17,1502.04
2021-03-18,1498.49
2021-03-19,1497.81
2021-03-22,1502.34
2021-03-23,1504.31
2021-03-24,1507.05
2021-03-25,1506.75
2021-03-26,1507.9
2021-03-29,1508.77
2021-03-30,1508.52
2021-03-31,1511.97
2021-04-01,1514.81
2021-04-02,
2021-04-05,1517.8
2021-04-06,1520.33
2021-04-07,1521.9
2021-04-08,1523.68
2021-04-09,1522.81
2021-04-12,1521.87
2021-04-13,1520.62
2021-04-14,1522.17
2021-04-15,1525.45
2021-04-16,1526.35
2021-04-19,1525.51
2021-04-20,1522.91
2021-04-21,1522.99
2021-04-22,1524.2
2021-04-23,1525.54
2021-04-26,1526.87
2021-04-27,1527.12
2021-04-28,1526.97
2021-04-29,1527.81
2021-04-30,1528.55
2021-05-03,1529.99
2021-05-04,1529.13
2021-05-05,1530.78
2021-05-06,1531.28
2021-05-07,1532.78
2021-05-10,1533.59
2021-05-11,1529.6
2021-05-12,1527.29
2021-05-13,1527.06
2021-05-14,1528.68
2021-05-17,1528.87
2021-05-18,1528.79
2021-05-19,1525.08
2021-05-20,1525.96
2021-05-21,1527.33
2021-05-24,1528.49
2021-05-25,1530.07
2021-05-26,1530.69
2021-05-27,1531.78
2021-05-28,1532.5
2021-05-31,1532.96
2021-06-01,1533.95
2021-06-02,1536.1
2021-06-03,1535.83
2021-06-04,1537.63
2021-06-07,1538.72
2021-06-08,1540.79
2021-06-09,1543.33
2021-06-10,1544.04
2021-06-11,1545.03
2021-06-14,1545.6
2021-06-15,1545.93
2021-06-16,1545.4
2021-06-17,1544.06
2021-06-18,1543.29
2021-06-21,1544.83
2021-06-22,1545.35
2021-06-23,1546.55
2021-06-24,1548.22
2021-06-25,1549.4
2021-06-28,1550.75
2021-06-29,1552.08
2021-06-30,1553.91
2021-07-01,1555.48
2021-07-02,1556.63
2021-07-05,1557.33
2021-07-06,1558.95
2021-07-07,1560.48
2021-07-08,1558.72
2021-07-09,1559.59
2021-07-12,1560.45
2021-07-13,1559.9
2021-07-14,1559.41
2021-07-15,1557.94
2021-07-16,1556.86
2021-07-19,1549.14
2021-07-20,1552.07
2021-07-21,1555.87
2021-07-22,1557.45
2021-07-23,1558.29
2021-07-26,1559.07
2021-07-27,1557.66
2021-07-28,1557.55
2021-07-29,1558.99
2021-07-30,1559.4
2021-07-31,1559.44
2021-08-02,1559.73
2021-08-03,1557.62
2021-08-04,1556.35
2021-08-05,1556.65
2021-08-06,1556.63
2021-08-09,1555.24
2021-08-10,1554.78
2021-08-11,1553.0
2021-08-12,1553.53
2021-08-13,1554.45
2021-08-16,1554.33
2021-08-17,1553.97
2021-08-18,1554.57
2021-08-19,1551.9
2021-08-20,1552.98
2021-08-23,1555.85
2021-08-24,1558.68
2021-08-25,1560.08
2021-08-26,1560.76
2021-08-27,1564.21
2021-08-30,1566.66
2021-08-31,1567.95
2021-09-01,1568.98
2021-09-02,1570.7
2021-09-03,1570.8
2021-09-06,1571.5
2021-09-07,1570.53
2021-09-08,1570.98
2021-09-09,1572.05
2021-09-10,1572.73
2021-09-13,1574.43
2021-09-14,1575.16
2021-09-15,1575.84
2021-09-16,1575.66
2021-09-17,1575.41
2021-09-20,1570.05
2021-09-21,1572.06
2021-09-22,1574.21
2021-09-23,1574.4
2021-09-24,1572.77
2021-09-27,1571.91
2021-09-28,1567.52
2021-09-29,1568.96
2021-09-30,1568.47
2021-10-01,1568.23
2021-10-04,1567.17
2021-10-05,1567.34
2021-10-06,1562.42
2021-10-07,1564.99
2021-10-08,1563.29
2021-10-11,1563.99
2021-10-12,1560.34
2021-10-13,1560.69
2021-10-14,1565.13
2021-10-15,1565.84
2021-10-18,1564.79
2021-10-19,1565.77
2021-10-20,1566.33
2021-10-21,1566.17
2021-10-22,1564.31
2021-10-25,1564.13
2021-10-26,1565.19
2021-10-27,1565.92
2021-10-28,1566.22
2021-10-29,1565.45
2021-10-31,1565.68
2021-11-01,1565.06
2021-11-02,1565.67
2021-11-03,1565.65
2021-11-04,1569.21
2021-11-05,1574.69
2021-11-08,1577.06
2021-11-09,1577.43
2021-11-10,1573.95
2021-11-11,1574.18
2021-11-12,1570.91
2021-11-15,1568.93
2021-11-16,1567.44
2021-11-17,1566.47
2021-11-18,1566.35
2021-11-19,1565.14
2021-11-22,1563.4
2021-11-23,1557.15
2021-11-24,1554.5
2021-11-25,1554.74
2021-11-26,1546.06
2021-11-29,1551.33
2021-11-30,1549.64
2021-12-01,1554.16
2021-12-02,1553.73
2021-12-03,1556.83
2021-12-06,1560.42
2021-12-07,1569.72
2021-12-08,1568.12
2021-12-09,1567.35
2021-12-10,1566.41
2021-12-13,1567.11
2021-12-14,1564.8
2021-12-15,1565.12
2021-12-16,1568.78
2021-12-17,1567.37
2021-12-20,1565.19
2021-12-21,1569.77
2021-12-22,1572.38
2021-12-23,1574.77
2021-12-24,
2021-12-27,1578.73
2021-12-28,1579.58
2021-12-29,1578.92
2021-12-30,1578.73
2021-12-31,1578.79
2022-01-03,1577.33
2022-01-04,1575.61
2022-01-05,1573.56
2022-01-06,1568.25
2022-01-07,1564.06
2022-01-10,1560.19
2022-01-11,1564.37
2022-01-12,1569.78
2022-01-13,1569.22
2022-01-14,1565.87
2022-01-17,1566.58
2022-01-18,1559.86
2022-01-19,1561.23
2022-01-20,1560.82
2022-01-21,1554.77
2022-01-24,1548.64
2022-01-25,1549.0
2022-01-26,1553.09
2022-01-27,1541.35
2022-01-28,1533.63
2022-01-31,1535.39
2022-02-01,1541.12
2022-02-02,1545.8
2022-02-03,1539.46
2022-02-04,1529.71
2022-02-07,1528.49
2022-02-08,1529.83
2022-02-09,1534.19
2022-02-10,1525.48
2022-02-11,1516.33
2022-02-14,1507.66
2022-02-15,1510.91
2022-02-16,1511.5
2022-02-17,1512.38
2022-02-18,1511.22
2022-02-21,1511.93
2022-02-22,1511.6
2022-02-23,1512.49
2022-02-24,1504.51
2022-02-25,1517.84
2022-02-28,1521.6
2022-03-01,1523.35
2022-03-02,1523.12
2022-03-03,1522.72
2022-03-04,1516.45
2022-03-07,1508.44
2022-03-08,1502.16
2022-03-09,1503.81
2022-03-10,1497.06
2022-03-11,1493.43
2022-03-14,1479.84
2022-03-15,1478.93
2022-03-16,1488.84
2022-03-17,1499.2
2022-03-18,1500.88
2022-03-21,1498.39
2022-03-22,1493.55
2022-03-23,1494.5
2022-03-24,1494.89
2022-03-25,1492.24
2022-03-28,1490.93
2022-03-29,1501.76
2022-03-30,1506.67
2022-03-31,1507.53
2022-04-01,1503.19
2022-04-04,1507.07
2022-04-05,1503.38
2022-04-06,1491.98
2022-04-07,1488.77
2022-04-08,1483.23
2022-04-11,1472.83
2022-04-12,1477.9
2022-04-13,1479.05
2022-04-14,1479.06
2022-04-15,
2022-04-18,1476.08
2022-04-19,1474.11
2022-04-20,1476.89
2022-04-21,1474.18
2022-04-22,1465.85
2022-04-25,1462.96
2022-04-26,1465.07
2022-04-27,1462.4
2022-04-28,1459.84
2022-04-29,1452.45
2022-04-30,1452.69
2022-05-02,1443.2
2022-05-03,1447.66
2022-05-04,1446.61
2022-05-05,1444.5
2022-05-06,1434.33
2022-05-09,1421.62
2022-05-10,1422.45
2022-05-11,1421.94
2022-05-12,1415.72
2022-05-13,1418.12
2022-05-16,1417.67
2022-05-17,1417.79
2022-05-18,1407.69
2022-05-19,1405.34
2022-05-20,1408.64
2022-05-23,1411.41
2022-05-24,1411.82
2022-05-25,1425.27
2022-05-26,1446.36
2022-05-27,1456.57
2022-05-30,1457.25
2022-05-31,1456.32
2022-06-01,1455.25
2022-06-02,1455.71
2022-06-03,1450.52
2022-06-06,1447.42
2022-06-07,1442.25
2022-06-08,1439.2
2022-06-09,1432.4
2022-06-10,1416.37
2022-06-13,1383.05
2022-06-14,1374.45
2022-06-15,1386.09
2022-06-16,1371.56
2022-06-17,1374.83
2022-06-20,1375.56
2022-06-21,1379.44
2022-06-22,1373.46
2022-06-23,1374.85
2022-06-24,1383.67
2022-06-27,1384.58
2022-06-28,1376.57
2022-06-29,1362.73
2022-06-30,1357.2
2022-07-01,1359.91
2022-07-04,1360.65
2022-07-05,1361.01
2022-07-06,1364.69
2022-07-07,1375.51
2022-07-08,1378.74
2022-07-11,1380.65
2022-07-12,1382.2
2022-07-13,1380.4
2022-07-14,1373.89
2022-07-15,1382.54
2022-07-18,1390.03
2022-07-19,1395.01
2022-07-20,1405.02
2022-07-21,1409.21
2022-07-22,1418.16
2022-07-25,1418.72
2022-07-26,1413.84
2022-07-27,1418.0
2022-07-28,1427.04
2022-07-29,1438.69
2022-07-31,1438.94
2022-08-01,1442.2
2022-08-02,1443.29
2022-08-03,1445.57
2022-08-04,1450.55
2022-08-05,1446.35
2022-08-08,1451.91
2022-08-09,1446.91
2022-08-10,1456.5
2022-08-11,1461.06
2022-08-12,1459.95
2022-08-15,1462.84
2022-08-16,1460.35
2022-08-17,1452.16
2022-08-18,1450.97
2022-08-19,1442.38
2022-08-22,1430.63
2022-08-23,1427.46
2022-08-24,1427.98
2022-08-25,1431.64
2022-08-26,1428.04
2022-08-29,1418.74
2022-08-30,1411.15
2022-08-31,1404.48
2022-09-01,1394.97
2022-09-02,1401.98
2022-09-05,1402.73
2022-09-06,1399.67
2022-09-07,1404.05
2022-09-08,1411.36
2022-09-09,1421.29
2022-09-12,1425.44
2022-09-13,1409.78
2022-09-14,1405.27
2022-09-15,1400.05
2022-09-16,1389.51
2022-09-19,1393.31
2022-09-20,1389.98
2022-09-21,1391.73
2022-09-22,1380.06
2022-09-23,1366.31
2022-09-26,1354.45
2022-09-27,1348.69
2022-09-28,1352.64
2022-09-29,1344.87
2022-09-30,1348.0
2022-10-03,1355.94
2022-10-04,1374.65
2022-10-05,1371.63
2022-10-06,1374.63
2022-10-07,1367.47
2022-10-10,1368.22
2022-10-11,1355.31
2022-10-12,1354.03
2022-10-13,1350.61
2022-10-14,1352.64
2022-10-17,1360.67
2022-10-18,1367.77
2022-10-19,1360.03
2022-10-20,1358.49
2022-10-21,1357.25
2022-10-24,1361.91
2022-10-25,1370.19
2022-10-26,1377.36
2022-10-27,1385.25
2022-10-28,1392.05
2022-10-31,1386.37
2022-11-01,1386.67
2022-11-02,1385.21
2022-11-03,1370.67
2022-11-04,1372.95
2022-11-07,1374.74
2022-11-08,1374.57
2022-11-09,1366.36
2022-11-10,1390.12
2022-11-11,1390.38
2022-11-14,1395.42
2022-11-15,1402.32
2022-11-16,1402.53
2022-11-17,1396.18
2022-11-18,1398.04
2022-11-21,1399.0
2022-11-22,1404.49
2022-11-23,1410.82
2022-11-24,1411.08
2022-11-25,1411.04
2022-11-28,1407.35
2022-11-29,1405.11
2022-11-30,1412.32
2022-12-01,1423.53
2022-12-02,1423.33
2022-12-05,1420.83
2022-12-06,1416.86
2022-12-07,1416.33
2022-12-08,1419.75
2022-12-09,1421.68
2022-12-12,1424.38
2022-12-13,1434.81
2022-12-14,1435.6
2022-12-15,1428.14
2022-12-16,1421.66
2022-12-19,1417.17
2022-12-20,1412.99
2022-12-21,1420.06
2022-12-22,1416.52
2022-12-23,1415.34
2022-12-26,
2022-12-27,1413.29
2022-12-28,1403.33
2022-12-29,1400.73
2022-12-30,1401.62
2022-12-31,1401.68
2023-01-02,
2023-01-03,1409.67
2023-01-04,1418.13
2023-01-05,1418.12
2023-01-06,1433.61
2023-01-09,1442.93
2023-01-10,1442.39
2023-01-11,1448.51
2023-01-12,1455.84
2023-01-13,1456.43
2023-01-16,1457.2
2023-01-17,1457.41
2023-01-18,1462.57
2023-01-19,1453.97
2023-01-20,1451.86
2023-01-23,1454.44
2023-01-24,1454.43
2023-01-25,1453.88
2023-01-26,1457.64
2023-01-27,1457.5
2023-01-30,1454.31
2023-01-31,1456.48
2023-02-01,1461.44
2023-02-02,1480.74
2023-02-03,1472.48
2023-02-06,1462.84
2023-02-07,1462.96
2023-02-08,1460.86
2023-02-09,1458.16
2023-02-10,1445.51
2023-02-13,1446.82
2023-02-14,1444.65
2023-02-15,1442.27
2023-02-16,1437.3
2023-02-17,1432.46
2023-02-20,1433.23
2023-02-21,1421.32
2023-02-22,1425.83
2023-02-23,1433.81
2023-02-24,1430.33
2023-02-27,1436.44
2023-02-28,1437.64
2023-03-01,1434.6
2023-03-02,1432.09
2023-03-03,1442.14
2023-03-06,1446.78
2023-03-07,1442.75
2023-03-08,1435.9
2023-03-09,1432.87
2023-03-10,1428.5
2023-03-13,1423.38
2023-03-14,1429.3
2023-03-15,1418.27
2023-03-16,1424.81
2023-03-17,1422.73
2023-03-20,1420.93
2023-03-21,1429.02
2023-03-22,1433.08
2023-03-23,1433.38
2023-03-24,1427.49
2023-03-27,1429.61
2023-03-28,1427.88
2023-03-29,1435.28
2023-03-30,1440.94
2023-03-31,1453.82
2023-04-03,1457.93
2023-04-04,1456.7
2023-04-05,1453.12
2023-04-06,1453.43
2023-04-07,
2023-04-10,1453.82
2023-04-11,1457.51
2023-04-12,1461.08
2023-04-13,1466.72
2023-04-14,1464.64
2023-04-17,1461.85
2023-04-18,1463.9
2023-04-19,1460.7
2023-04-20,1458.22
2023-04-21,1460.3
2023-04-24,1463.27
2023-04-25,1463.43
2023-04-26,1461.62
2023-04-27,1463.45
2023-04-28,1467.33
2023-04-30,1467.85
2023-05-01,1465.84
2023-05-02,1461.96
2023-05-03,1463.51
2023-05-04,1456.81
2023-05-05,1461.49
2023-05-08,1460.39
2023-05-09,1458.5
2023-05-10,1462.84
2023-05-11,1462.82
2023-05-12,1461.36
2023-05-15,1460.68
2023-05-16,1456.51
2023-05-17,1456.25
2023-05-18,1453.78
2023-05-19,1454.8
2023-05-22,1458.14
2023-05-23,1456.47
2023-05-24,1449.53
2023-05-25,1448.4
2023-05-26,1448.82
2023-05-29,1449.62
2023-05-30,1455.06
2023-05-31,1453.91
2023-06-01,1458.41
2023-06-02,1466.16
2023-06-05,1467.11
2023-06-06,1467.04
2023-06-07,1467.16
2023-06-08,1468.54
2023-06-09,1470.6
2023-06-12,1471.09
2023-06-13,1474.17
2023-06-14,1473.86
2023-06-15,1477.05
2023-06-16,1477.53
2023-06-19,1478.26
2023-06-20,1476.37
2023-06-21,1471.97
2023-06-22,1469.07
2023-06-23,1465.71
2023-06-26,1466.27
2023-06-27,1469.74
2023-06-28,1473.75
2023-06-29,1472.97
2023-06-30,1477.58
2023-07-03,1478.76
2023-07-04,1479.03
2023-07-05,1476.5
2023-07-06,1466.59
2023-07-07,1468.94
2023-07-10,1471.57
2023-07-11,1476.17
2023-07-12,1489.37
2023-07-13,1495.58
2023-07-14,1493.95
2023-07-17,1491.96
2023-07-18,1495.49
2023-07-19,1497.4
2023-07-20,1492.65
2023-07-21,1494.14
2023-07-24,1496.06
2023-07-25,1494.8
2023-07-26,1494.49
2023-07-27,1494.93
2023-07-28,1495.45
2023-07-31,1498.62
2023-08-01,1494.34
2023-08-02,1488.27
2023-08-03,1484.36
2023-08-04,1489.46
2023-08-07,1491.87
2023-08-08,1492.68
2023-08-09,1495.34
2023-08-10,1497.54
2023-08-11,1494.28
2023-08-14,1493.66
2023-08-15,1491.17
2023-08-16,1490.63
2023-08-17,1484.06
2023-08-18,1481.83
2023-08-21,1480.93
2023-08-22,1482.62
2023-08-23,1489.21
2023-08-24,1487.69
2023-08-25,1487.82
2023-08-28,1491.83
2023-08-29,1497.45
2023-08-30,1501.17
2023-08-31,1502.9
2023-09-01,1502.61
2023-09-04,1503.43
2023-09-05,1499.02
2023-09-06,1495.22
2023-09-07,1496.41
2023-09-08,1498.21
2023-09-11,1500.05
2023-09-12,1499.38
2023-09-13,1500.73
2023-09-14,1503.2
2023-09-15,1501.18
2023-09-18,1500.29
2023-09-19,1497.93
2023-09-20,1498.93
2023-09-21,1490.54
2023-09-22,1491.7
2023-09-25,1487.81
2023-09-26,1483.8
2023-09-27,1481.45
2023-09-28,1481.47
2023-09-29,1485.15
2023-09-30,1485.42
2023-10-02,1477.12
2023-10-03,1465.47
2023-10-04,1464.75
2023-10-05,1465.88
2023-10-06,1465.24
2023-10-09,1466.06
2023-10-10,1478.55
2023-10-11,1479.25
2023-10-12,1474.61
2023-10-13,1475.21
2023-10-16,1473.51
2023-10-17,1468.15
2023-10-18,1462.98
2023-10-19,1459.91
2023-10-20,1457.03
2023-10-23,1460.27
2023-10-24,1465.55
2023-10-25,1463.41
2023-10-26,1461.82
2023-10-27,1462.34
2023-10-30,1462.83
2023-10-31,1467.03
2023-11-01,1471.62
2023-11-02,1489.17
2023-11-03,1502.17
2023-11-06,1501.72
2023-11-07,1499.89
2023-11-08,1500.86
2023-11-09,1497.04
2023-11-10,1497.72
2023-11-13,1498.62
2023-11-14,1513.0
2023-11-15,1510.85
2023-11-16,1509.84
2023-11-17,1511.2
2023-11-20,1515.11
2023-11-21,1515.51
2023-11-22,1517.99
2023-11-23,1518.26
2023-11-24,1517.96
2023-11-27,1521.2
2023-11-28,1525.39
2023-11-29,1534.68
2023-11-30,1533.76
2023-12-01,1539.01
2023-12-04,1539.92
2023-12-05,1543.29
2023-12-06,1545.49
2023-12-07,1546.69
2023-12-08,1543.35
2023-12-11,1542.78
2023-12-12,1545.18
2023-12-13,1554.8
2023-12-14,1575.04
2023-12-15,1573.41
2023-12-18,1573.68
2023-12-19,1577.4
2023-12-20,1581.74
2023-12-21,1582.72
2023-12-22,1584.56
2023-12-25,
2023-12-26,1585.84
2023-12-27,1590.79
2023-12-28,1590.58
2023-12-29,1590.04
2023-12-31,1590.32
2024-01-01,
2024-01-02,1582.13
2024-01-03,1575.2
2024-01-04,1573.06
2024-01-05,1572.7
2024-01-08,1577.63
2024-01-09,1579.94
2024-01-10,1583.53
2024-01-11,1584.76
2024-01-12,1588.12
2024-01-15,1588.97
2024-01-16,1583.7
2024-01-17,1577.79
2024-01-18,1578.98
2024-01-19,1579.67
2024-01-22,1584.34
2024-01-23,1582.99
2024-01-24,1584.75
2024-01-25,1588.02
2024-01-26,1589.78
2024-01-29,1592.15
2024-01-30,1591.71
2024-01-31,1590.61
2024-02-01,1594.64
2024-02-02,1590.55
2024-02-05,1585.21
2024-02-06,1588.25
2024-02-07,1591.49
2024-02-08,1591.57
2024-02-09,1593.24
2024-02-12,1593.93
2024-02-13,1584.54
2024-02-14,1586.33
2024-02-15,1589.36
2024-02-16,1587.15
2024-02-19,1588.0
2024-02-20,1588.81
2024-02-21,1588.05
2024-02-22,1592.52
2024-02-23,1594.61
2024-02-26,1595.05
2024-02-27,1593.95
2024-02-28,1593.7
2024-02-29,1595.32
2024-03-01,1597.96
2024-03-04,1599.29
2024-03-05,1600.42
2024-03-06,1602.8
2024-03-07,1605.13
2024-03-08,1607.15
2024-03-11,1606.73
2024-03-12,1607.22
2024-03-13,1608.81
2024-03-14,1604.17
2024-03-15,1602.7
2024-03-18,1604.33
2024-03-19,1607.47
2024-03-20,1608.65
2024-03-21,1611.75
2024-03-22,1612.91
2024-03-25,1611.94
2024-03-26,1611.33
2024-03-27,1612.8
2024-03-28,1613.75
2024-03-29,
2024-03-31,1614.33
2024-04-01,1610.13
2024-04-02,1604.89
2024-04-03,1605.57
2024-04-04,1607.23
2024-04-05,1605.79
2024-04-08,1606.42
2024-04-09,1609.22
2024-04-10,1600.8
2024-04-11,1597.79
2024-04-12,1595.88
2024-04-15,1591.55
2024-04-16,1585.07
2024-04-17,1585.7
2024-04-18,1584.83
2024-04-19,1586.64
2024-04-22,1591.41
2024-04-23,1597.56
2024-04-24,1597.02
2024-04-25,1591.67
2024-04-26,1596.31
2024-04-29,1600.92
2024-04-30,1598.18
2024-05-01,1599.54
2024-05-02,1605.14
2024-05-03,1613.1
2024-05-06,1616.37
2024-05-07,1616.92
2024-05-08,1614.7
2024-05-09,1614.4
2024-05-10,1613.44
2024-05-13,1613.82
2024-05-14,1614.47
2024-05-15,1620.39
2024-05-16,1620.96
2024-05-17,1619.98
2024-05-20,1620.95
2024-05-21,1622.08
2024-05-22,1619.67
2024-05-23,1617.03
2024-05-24,1616.78
2024-05-27,1617.66
2024-05-28,1616.64
2024-05-29,1611.66
2024-05-30,1613.09
2024-05-31,1616.32
2024-06-03,1621.43
2024-06-04,1622.85
2024-06-05,1625.95
2024-06-06,1626.62
2024-06-07,1622.81
2024-06-10,1622.84
2024-06-11,1623.6
2024-06-12,1632.18
2024-06-13,1631.82
2024-06-14,1627.35
2024-06-17,1626.75
2024-06-18,1630.44
2024-06-19,1630.73
2024-06-20,1630.21
2024-06-21,1631.05
2024-06-24,1632.94
2024-06-25,1633.28
2024-06-26,1630.85
2024-06-27,1630.94
2024-06-28,1631.33
2024-06-30,1631.92
2024-07-01,1628.85
2024-07-02,1629.6
2024-07-03,1631.93
2024-07-04,1632.23
2024-07-05,1635.42
2024-07-08,1639.52
2024-07-09,1639.71
2024-07-10,1641.75
2024-07-11,1647.08
2024-07-12,1649.82
2024-07-15,1652.12
2024-07-16,1656.59
2024-07-17,1656.53
2024-07-18,1656.3
2024-07-19,1654.75
2024-07-22,1657.22
2024-07-23,1659.36
2024-07-24,1657.85
2024-07-25,1657.75
2024-07-26,1659.86
2024-07-29,1660.4
2024-07-30,1660.18
2024-07-31,1663.94
2024-08-01,1663.43
2024-08-02,1657.72
2024-08-05,1648.2
2024-08-06,1655.45
2024-08-07,1659.85
2024-08-08,1661.77
2024-08-09,1662.66
2024-08-12,1663.67
2024-08-13,1666.34
2024-08-14,1669.94
2024-08-15,1672.44
2024-08-16,1675.03
2024-08-19,1679.47
2024-08-20,1680.6
2024-08-21,1682.75
2024-08-22,1682.86
2024-08-23,1687.39
2024-08-26,1689.88
2024-08-27,1689.83
2024-08-28,1689.57
2024-08-29,1690.3
2024-08-30,1690.33
2024-08-31,1690.41
2024-09-02,1690.95
2024-09-03,1687.95
2024-09-04,1690.95
2024-09-05,1695.06
2024-09-06,1694.59
2024-09-09,1696.98
2024-09-10,1696.18
2024-09-11,1695.86
2024-09-12,1698.41
2024-09-13,1701.86
2024-09-16,1706.84
2024-09-17,1709.52
2024-09-18,1710.89
2024-09-19,1716.82
2024-09-20,1715.49
2024-09-23,1715.55
2024-09-24,1714.9
2024-09-25,1714.4
2024-09-26,1714.64
2024-09-27,1717.49
2024-09-30,1718.04
2024-10-01,1718.1
2024-10-02,1717.55
2024-10-03,1716.05
2024-10-04,1714.65
2024-10-07,1710.54
2024-10-08,1709.86
2024-10-09,1709.54
2024-10-10,1708.84
2024-10-11,1709.97
2024-10-14,1710.89
2024-10-15,1713.45
2024-10-16,1715.94
2024-10-17,1714.67
2024-10-18,1715.69
2024-10-21,1712.97
2024-10-22,1710.24
2024-10-23,1706.95
2024-10-24,1708.56
2024-10-25,1708.95
2024-10-28,1710.85
2024-10-29,1710.26
2024-10-30,1711.46
2024-10-31,1708.58
2024-11-01,1709.62
2024-11-04,1710.82
2024-11-05,1710.85
2024-11-06,1713.12
2024-11-07,1718.03
2024-11-08,1722.32
2024-11-11,1723.24
2024-11-12,1719.17
2024-11-13,1719.69
2024-11-14,1719.18
2024-11-15,1714.76
2024-11-18,1716.51
2024-11-19,1718.91
2024-11-20,1718.88
2024-11-21,1720.98
2024-11-22,1720.73
2024-11-25,1725.59
2024-11-26,1724.01
2024-11-27,1725.7
2024-11-28,1726.01
2024-11-29,1727.84
2024-11-30,1728.15
2024-12-02,1730.35
2024-12-03,1731.13
2024-12-04,1733.19
2024-12-05,1734.01
2024-12-06,1735.98
2024-12-09,1736.14
2024-12-10,1735.5
2024-12-11,1736.11
2024-12-12,1734.23
2024-12-13,1730.54
2024-12-16,1731.03
2024-12-17,1728.38
2024-12-18,1723.89
2024-12-19,1714.55
2024-12-20,1717.64
2024-12-23,1716.74
2024-12-24,1717.34
2024-12-25,
2024-12-26,1718.15
2024-12-27,1718.67
2024-12-30,1719.12
2024-12-31,1720.74
2025-01-01,
2025-01-02,1723.59
2025-01-03,1726.21
2025-01-06,1729.7
2025-01-07,1726.65
2025-01-08,1725.18
2025-01-09,1726.29
2025-01-10,1720.79
2025-01-13,1718.08
2025-01-14,1720.39
2025-01-15,1730.55
2025-01-16,1732.3
2025-01-17,1735.56
2025-01-20,1736.5
2025-01-21,1739.91
2025-01-22,1740.45
2025-01-23,1739.7
2025-01-24,1741.41
2025-01-27,1742.3
2025-01-28,1743.05
2025-01-29,1742.78
2025-01-30,1744.47
2025-01-31,1744.5
2025-02-03,1741.54
2025-02-04,1743.44
2025-02-05,1747.47
2025-02-06,1747.82
2025-02-07,1744.73
2025-02-10,1746.55
2025-02-11,1745.06
2025-02-12,1741.57
2025-02-13,1745.43
2025-02-14,1748.95
2025-02-17,1749.9
2025-02-18,1749.18
2025-02-19,1748.14
2025-02-20,1749.78
2025-02-21,1748.51
2025-02-24,1750.33
2025-02-25,1752.13
2025-02-26,1755.61
2025-02-27,1755.6
2025-02-28,1755.84
2025-03-03,1755.18
2025-03-04,1752.56
2025-03-05,1754.35
2025-03-06,1750.3
2025-03-07,1750.51
2025-03-10,1746.94
2025-03-11,1742.85
2025-03-12,1743.08
2025-03-13,1734.82
2025-03-14,1738.92
2025-03-17,1742.13
2025-03-18,1741.52
2025-03-19,1745.94
2025-03-20,1748.1
2025-03-21,1746.7
2025-03-24,1751.14
2025-03-25,1751.17
2025-03-26,1746.02
2025-03-27,1743.06
2025-03-28,1738.0
2025-03-31,1736.99
2025-04-01,1740.19
2025-04-02,1743.1
2025-04-03,1723.41
2025-04-04,1702.75
2025-04-07,1688.55
2025-04-08,1690.32
2025-04-09,1695.74
2025-04-10,1692.55
2025-04-11,1694.54
2025-04-14,1706.94
2025-04-15,1710.75
2025-04-16,1711.27
2025-04-17,1717.29
2025-04-18,
2025-04-21,1710.76
2025-04-22,1717.79
2025-04-23,1729.43
2025-04-24,1733.83
2025-04-25,1738.64
2025-04-28,1740.12
2025-04-29,1741.82
2025-04-30,1737.03
2025-05-01,1740.37
2025-05-02,1743.53
2025-05-05,1744.24
2025-05-06,1743.28
2025-05-07,1744.41
2025-05-08,1746.68
2025-05-09,1746.84
2025-05-12,1759.97
2025-05-13,1763.92
2025-05-14,1761.53
2025-05-15,1759.63
2025-05-16,1761.4
2025-05-19,1761.22
2025-05-20,1762.52
2025-05-21,1757.34
2025-05-22,1755.82
2025-05-23,1753.44
2025-05-26,1754.41
2025-05-27,1762.81
2025-05-28,1763.2
2025-05-29,1766.28
2025-05-30,1766.16
2025-05-31,1766.25
2025-06-02,1766.5
2025-06-03,1769.33
2025-06-04,1772.05
2025-06-05,1772.57
